subject,gamble,trial_id,loss,trial_pay,stage_pay,win_plan_take_final_take,win_plan_take_final_reject,win_plan_reject_final_take,win_plan_reject_final_reject,lose_plan_take_final_take,lose_plan_take_final_reject,lose_plan_reject_final_take,lose_plan_reject_final_reject
1,1,200,-100,0,-100,0,0,0,0,1,0,0,0
1,2,200,-200,100,200,1,0,0,0,0,0,0,0
1,3,160,-140,200,-140,0,0,0,0,1,0,0,0
1,4,120,-100,-140,120,1,0,0,0,0,0,0,0
1,5,180,-200,20,180,1,0,0,0,0,0,0,0
1,6,200,-120,180,200,1,0,0,0,0,0,0,0
1,7,180,-100,80,-100,0,0,0,0,1,0,0,0
1,8,100,-120,80,-120,0,0,0,0,1,0,0,0
1,9,200,-160,-240,-160,0,0,0,0,1,0,0,0
1,10,200,-220,-320,200,0,1,0,0,0,0,0,0
1,11,160,-100,400,-100,0,0,0,0,0,0,1,0
1,12,200,-180,-100,-180,0,0,0,0,0,0,1,0
1,13,200,-100,20,200,0,0,0,1,0,0,0,0
1,14,140,-100,400,140,0,1,0,0,0,0,0,0
1,15,200,-140,140,200,0,0,0,1,0,0,0,0
1,16,80,-100,60,-100,0,0,0,0,0,0,1,0
1,17,100,-100,-100,-100,0,0,0,0,0,0,0,1
1,18,200,-200,-100,200,0,0,0,1,0,0,0,0
1,19,160,-140,200,-140,0,0,0,0,1,0,0,0
1,20,120,-100,20,120,1,0,0,0,0,0,0,0
1,21,180,-200,120,180,0,0,0,1,0,0,0,0
1,22,200,-120,180,200,1,0,0,0,0,0,0,0
1,23,180,-100,80,-100,0,0,0,0,1,0,0,0
1,24,100,-120,80,-120,0,0,0,0,0,0,0,1
1,25,200,-160,-120,-160,0,0,0,0,1,0,0,0
1,26,200,-220,-320,200,1,0,0,0,0,0,0,0
1,27,160,-100,200,-100,0,0,0,0,0,0,0,1
1,28,200,-180,60,-180,0,0,0,0,0,0,1,0
1,29,200,-100,-180,200,1,0,0,0,0,0,0,0
1,30,140,-100,400,140,1,0,0,0,0,0,0,0
1,31,200,-140,140,200,0,0,0,1,0,0,0,0
1,32,80,-100,60,-100,0,0,0,0,0,0,0,1
1,33,100,-100,-200,-100,0,0,0,0,1,0,0,0
2,1,200,-200,100,200,0,1,0,0,0,0,0,0
2,2,160,-140,400,-140,0,0,0,0,1,0,0,0
2,3,120,-100,20,120,0,0,0,1,0,0,0,0
2,4,180,-200,20,180,0,1,0,0,0,0,0,0
2,5,200,-120,360,200,1,0,0,0,0,0,0,0
2,6,180,-100,80,-100,0,0,0,0,1,0,0,0
2,7,100,-120,80,-120,0,0,0,0,1,0,0,0
2,8,200,-160,-240,-160,0,0,0,0,1,0,0,0
2,9,200,-220,-320,200,1,0,0,0,0,0,0,0
2,10,160,-100,200,-100,0,0,0,0,0,0,0,1
2,11,200,-180,-100,-180,0,0,0,0,0,0,1,0
2,12,200,-100,-180,200,1,0,0,0,0,0,0,0
2,13,140,-100,200,140,0,0,0,1,0,0,0,0
2,14,200,-140,40,200,1,0,0,0,0,0,0,0
2,15,80,-100,200,-100,0,0,0,0,1,0,0,0
2,16,100,-100,-200,-100,0,0,0,0,1,0,0,0
2,17,200,-200,-100,200,0,0,0,1,0,0,0,0
2,18,160,-140,200,-140,0,0,0,0,0,0,0,1
2,19,120,-100,20,120,1,0,0,0,0,0,0,0
2,20,180,-200,20,180,0,0,1,0,0,0,0,0
2,21,200,-120,180,200,1,0,0,0,0,0,0,0
2,22,180,-100,80,-100,0,0,0,0,1,0,0,0
2,23,100,-120,80,-120,0,0,0,0,1,0,0,0
2,24,200,-160,-120,-160,0,0,0,0,0,0,0,1
2,25,200,-220,-320,200,1,0,0,0,0,0,0,0
2,26,160,-100,400,-100,0,0,0,0,1,0,0,0
2,27,200,-180,-100,-180,0,0,0,0,0,0,0,1
2,28,200,-100,-180,200,0,1,0,0,0,0,0,0
2,29,140,-100,400,140,1,0,0,0,0,0,0,0
2,30,200,-140,40,200,0,1,0,0,0,0,0,0
2,31,80,-100,200,-100,0,0,0,0,0,0,0,1
2,32,100,-100,-100,-100,0,0,0,0,0,0,0,1
2,33,200,-100,0,-100,0,0,0,0,0,0,1,0
3,1,160,-140,400,-140,0,0,0,0,0,1,0,0
3,2,120,-100,20,120,1,0,0,0,0,0,0,0
3,3,180,-200,120,180,0,0,1,0,0,0,0,0
3,4,200,-120,360,200,1,0,0,0,0,0,0,0
3,5,180,-100,80,-100,0,0,0,0,1,0,0,0
3,6,100,-120,80,-120,0,0,0,0,1,0,0,0
3,7,200,-160,-240,-160,0,0,0,0,0,0,1,0
3,8,200,-220,-320,200,0,1,0,0,0,0,0,0
3,9,160,-100,400,-100,0,0,0,0,1,0,0,0
3,10,200,-180,-100,-180,0,0,0,0,0,0,0,1
3,11,200,-100,-180,200,1,0,0,0,0,0,0,0
3,12,140,-100,400,140,0,1,0,0,0,0,0,0
3,13,200,-140,140,200,0,0,0,1,0,0,0,0
3,14,80,-100,60,-100,0,0,0,0,0,0,0,1
3,15,100,-100,-200,-100,0,0,0,0,1,0,0,0
3,16,200,-200,-200,200,1,0,0,0,0,0,0,0
3,17,160,-140,200,-140,0,0,0,0,1,0,0,0
3,18,120,-100,-140,120,1,0,0,0,0,0,0,0
3,19,180,-200,20,180,0,0,1,0,0,0,0,0
3,20,200,-120,360,200,1,0,0,0,0,0,0,0
3,21,180,-100,80,-100,0,0,0,0,1,0,0,0
3,22,100,-120,80,-120,0,0,0,0,0,0,1,0
3,23,200,-160,-240,-160,0,0,0,0,1,0,0,0
3,24,200,-220,-160,200,0,0,0,1,0,0,0,0
3,25,160,-100,400,-100,0,0,0,0,1,0,0,0
3,26,200,-180,60,-180,0,0,0,0,0,0,1,0
3,27,200,-100,-180,200,1,0,0,0,0,0,0,0
3,28,140,-100,400,140,0,0,0,1,0,0,0,0
3,29,200,-140,40,200,1,0,0,0,0,0,0,0
3,30,80,-100,200,-100,0,0,0,0,0,0,1,0
3,31,100,-100,-100,-100,0,0,0,0,1,0,0,0
3,32,200,-100,0,-100,0,0,0,0,1,0,0,0
3,33,200,-200,100,200,1,0,0,0,0,0,0,0
4,1,120,-100,-140,120,0,0,1,0,0,0,0,0
4,2,180,-200,20,180,1,0,0,0,0,0,0,0
4,3,200,-120,180,200,0,0,0,1,0,0,0,0
4,4,180,-100,80,-100,0,0,0,0,0,0,1,0
4,5,100,-120,80,-120,0,0,0,0,1,0,0,0
4,6,200,-160,-240,-160,0,0,0,0,1,0,0,0
4,7,200,-220,-320,200,1,0,0,0,0,0,0,0
4,8,160,-100,200,-100,0,0,0,0,1,0,0,0
4,9,200,-180,60,-180,0,0,0,0,1,0,0,0
4,10,200,-100,-180,200,1,0,0,0,0,0,0,0
4,11,140,-100,400,140,1,0,0,0,0,0,0,0
4,12,200,-140,40,200,0,0,0,1,0,0,0,0
4,13,80,-100,200,-100,0,0,0,0,0,1,0,0
4,14,100,-100,-100,-100,0,0,0,0,0,0,0,1
4,15,200,-200,-200,200,0,0,0,1,0,0,0,0
4,16,160,-140,400,-140,0,0,0,0,1,0,0,0
4,17,120,-100,20,120,0,0,0,1,0,0,0,0
4,18,180,-200,20,180,0,0,0,1,0,0,0,0
4,19,200,-120,360,200,1,0,0,0,0,0,0,0
4,20,180,-100,80,-100,0,0,0,0,1,0,0,0
4,21,100,-120,80,-120,0,0,0,0,0,0,1,0
4,22,200,-160,-120,-160,0,0,0,0,1,0,0,0
4,23,200,-220,-320,200,0,0,1,0,0,0,0,0
4,24,160,-100,200,-100,0,0,0,0,0,0,0,1
4,25,200,-180,60,-180,0,0,0,0,1,0,0,0
4,26,200,-100,20,200,0,0,0,1,0,0,0,0
4,27,140,-100,400,140,1,0,0,0,0,0,0,0
4,28,200,-140,140,200,0,0,0,1,0,0,0,0
4,29,80,-100,60,-100,0,0,0,0,0,0,0,1
4,30,100,-100,-100,-100,0,0,0,0,1,0,0,0
4,31,200,-100,0,-100,0,0,0,0,0,0,0,1
4,32,200,-200,100,200,1,0,0,0,0,0,0,0
4,33,160,-140,400,-140,0,0,0,0,0,1,0,0
5,1,180,-200,20,180,0,1,0,0,0,0,0,0
5,2,200,-120,360,200,1,0,0,0,0,0,0,0
5,3,180,-100,200,-100,0,0,0,0,1,0,0,0
5,4,100,-120,-100,-120,0,0,0,0,1,0,0,0
5,5,200,-160,-240,-160,0,0,0,0,1,0,0,0
5,6,200,-220,-320,200,0,0,0,1,0,0,0,0
5,7,160,-100,400,-100,0,0,0,0,0,0,0,1
5,8,200,-180,60,-180,0,0,0,0,1,0,0,0
5,9,200,-100,20,200,1,0,0,0,0,0,0,0
5,10,140,-100,400,140,1,0,0,0,0,0,0,0
5,11,200,-140,40,200,1,0,0,0,0,0,0,0
5,12,80,-100,200,-100,0,0,0,0,1,0,0,0
5,13,100,-100,-100,-100,0,0,0,0,1,0,0,0
5,14,200,-200,-100,200,1,0,0,0,0,0,0,0
5,15,160,-140,200,-140,0,0,0,0,1,0,0,0
5,16,120,-100,20,120,1,0,0,0,0,0,0,0
5,17,180,-200,120,180,0,0,0,1,0,0,0,0
5,18,200,-120,180,200,1,0,0,0,0,0,0,0
5,19,180,-100,80,-100,0,0,0,0,1,0,0,0
5,20,100,-120,80,-120,0,0,0,0,1,0,0,0
5,21,200,-160,-240,-160,0,0,0,0,1,0,0,0
5,22,200,-220,-320,200,0,0,0,1,0,0,0,0
5,23,160,-100,400,-100,0,0,0,0,0,1,0,0
5,24,200,-180,-100,-180,0,0,0,0,0,0,0,1
5,25,200,-100,20,200,0,0,0,1,0,0,0,0
5,26,140,-100,200,140,1,0,0,0,0,0,0,0
5,27,200,-140,40,200,1,0,0,0,0,0,0,0
5,28,80,-100,200,-100,0,0,0,0,0,0,1,0
5,29,100,-100,-100,-100,0,0,0,0,0,0,0,1
5,30,200,-100,0,-100,0,0,0,0,0,0,0,1
5,31,200,-200,-100,200,1,0,0,0,0,0,0,0
5,32,160,-140,400,-140,0,0,0,0,1,0,0,0
5,33,120,-100,-140,120,1,0,0,0,0,0,0,0
6,1,200,-120,180,200,1,0,0,0,0,0,0,0
6,2,180,-100,80,-100,0,0,0,0,0,0,0,1
6,3,100,-120,80,-120,0,0,0,0,1,0,0,0
6,4,200,-160,-240,-160,0,0,0,0,0,0,0,1
6,5,200,-220,-320,200,1,0,0,0,0,0,0,0
6,6,160,-100,200,-100,0,0,0,0,1,0,0,0
6,7,200,-180,-100,-180,0,0,0,0,1,0,0,0
6,8,200,-100,20,200,1,0,0,0,0,0,0,0
6,9,140,-100,400,140,1,0,0,0,0,0,0,0
6,10,200,-140,40,200,1,0,0,0,0,0,0,0
6,11,80,-100,60,-100,0,0,0,0,0,0,0,1
6,12,100,-100,-200,-100,0,0,0,0,0,1,0,0
6,13,200,-200,-200,200,0,0,0,1,0,0,0,0
6,14,160,-140,400,-140,0,0,0,0,0,0,0,1
6,15,120,-100,20,120,0,0,0,1,0,0,0,0
6,16,180,-200,20,180,1,0,0,0,0,0,0,0
6,17,200,-120,180,200,0,0,0,1,0,0,0,0
6,18,180,-100,80,-100,0,0,0,0,1,0,0,0
6,19,100,-120,80,-120,0,0,0,0,0,1,0,0
6,20,200,-160,-240,-160,0,0,0,0,1,0,0,0
6,21,200,-220,-320,200,0,1,0,0,0,0,0,0
6,22,160,-100,200,-100,0,0,0,0,1,0,0,0
6,23,200,-180,-100,-180,0,0,0,0,1,0,0,0
6,24,200,-100,-180,200,1,0,0,0,0,0,0,0
6,25,140,-100,200,140,0,0,0,1,0,0,0,0
6,26,200,-140,40,200,0,0,0,1,0,0,0,0
6,27,80,-100,60,-100,0,0,0,0,0,0,0,1
6,28,100,-100,-100,-100,0,0,0,0,0,0,0,1
6,29,200,-100,0,-100,0,0,0,0,1,0,0,0
6,30,200,-200,-100,200,0,0,0,1,0,0,0,0
6,31,160,-140,400,-140,0,0,0,0,0,0,0,1
6,32,120,-100,20,120,1,0,0,0,0,0,0,0
6,33,180,-200,20,180,1,0,0,0,0,0,0,0
7,1,180,-100,80,-100,0,0,0,0,1,0,0,0
7,2,100,-120,-100,-120,0,0,0,0,0,1,0,0
7,3,200,-160,-240,-160,0,0,0,0,1,0,0,0
7,4,200,-220,-160,200,0,0,1,0,0,0,0,0
7,5,160,-100,400,-100,0,0,0,0,1,0,0,0
7,6,200,-180,60,-180,0,0,0,0,1,0,0,0
7,7,200,-100,20,200,1,0,0,0,0,0,0,0
7,8,140,-100,400,140,0,1,0,0,0,0,0,0
7,9,200,-140,40,200,1,0,0,0,0,0,0,0
7,10,80,-100,60,-100,0,0,0,0,0,0,0,1
7,11,100,-100,-100,-100,0,0,0,0,1,0,0,0
7,12,200,-200,-100,200,1,0,0,0,0,0,0,0
7,13,160,-140,200,-140,0,0,0,0,1,0,0,0
7,14,120,-100,-140,120,0,0,0,1,0,0,0,0
7,15,180,-200,120,180,0,0,0,1,0,0,0,0
7,16,200,-120,360,200,1,0,0,0,0,0,0,0
7,17,180,-100,200,-100,0,0,0,0,0,0,0,1
7,18,100,-120,80,-120,0,0,0,0,0,0,0,1
7,19,200,-160,-120,-160,0,0,0,0,1,0,0,0
7,20,200,-220,-320,200,0,0,1,0,0,0,0,0
7,21,160,-100,200,-100,0,0,0,0,1,0,0,0
7,22,200,-180,60,-180,0,0,0,0,1,0,0,0
7,23,200,-100,20,200,0,1,0,0,0,0,0,0
7,24,140,-100,400,140,0,0,0,1,0,0,0,0
7,25,200,-140,140,200,0,0,0,1,0,0,0,0
7,26,80,-100,200,-100,0,0,0,0,0,0,0,1
7,27,100,-100,-100,-100,0,0,0,0,0,0,0,1
7,28,200,-100,0,-100,0,0,0,0,0,1,0,0
7,29,200,-200,100,200,0,0,0,1,0,0,0,0
7,30,160,-140,200,-140,0,0,0,0,1,0,0,0
7,31,120,-100,-140,120,1,0,0,0,0,0,0,0
7,32,180,-200,20,180,1,0,0,0,0,0,0,0
7,33,200,-120,360,200,1,0,0,0,0,0,0,0
8,1,100,-120,80,-120,0,0,0,0,0,0,0,1
8,2,200,-160,-120,-160,0,0,0,0,0,0,1,0
8,3,200,-220,-320,200,0,0,0,1,0,0,0,0
8,4,160,-100,400,-100,0,0,0,0,1,0,0,0
8,5,200,-180,60,-180,0,0,0,0,1,0,0,0
8,6,200,-100,20,200,1,0,0,0,0,0,0,0
8,7,140,-100,400,140,1,0,0,0,0,0,0,0
8,8,200,-140,140,200,1,0,0,0,0,0,0,0
8,9,80,-100,60,-100,0,0,0,0,1,0,0,0
8,10,100,-100,-100,-100,0,0,0,0,0,0,1,0
8,11,200,-200,-200,200,1,0,0,0,0,0,0,0
8,12,160,-140,400,-140,0,0,0,0,0,0,0,1
8,13,120,-100,20,120,0,0,0,1,0,0,0,0
8,14,180,-200,120,180,0,0,0,1,0,0,0,0
8,15,200,-120,180,200,0,0,0,1,0,0,0,0
8,16,180,-100,80,-100,0,0,0,0,1,0,0,0
8,17,100,-120,-100,-120,0,0,0,0,1,0,0,0
8,18,200,-160,-120,-160,0,0,0,0,1,0,0,0
8,19,200,-220,-320,200,0,0,0,1,0,0,0,0
8,20,160,-100,400,-100,0,0,0,0,1,0,0,0
8,21,200,-180,60,-180,0,0,0,0,0,0,0,1
8,22,200,-100,20,200,0,1,0,0,0,0,0,0
8,23,140,-100,400,140,1,0,0,0,0,0,0,0
8,24,200,-140,140,200,0,0,0,1,0,0,0,0
8,25,80,-100,200,-100,0,0,0,0,0,0,0,1
8,26,100,-100,-100,-100,0,0,0,0,1,0,0,0
8,27,200,-100,0,-100,0,0,0,0,0,0,0,1
8,28,200,-200,100,200,0,0,0,1,0,0,0,0
8,29,160,-140,200,-140,0,0,0,0,1,0,0,0
8,30,120,-100,20,120,1,0,0,0,0,0,0,0
8,31,180,-200,20,180,1,0,0,0,0,0,0,0
8,32,200,-120,360,200,1,0,0,0,0,0,0,0
8,33,180,-100,80,-100,0,0,0,0,0,1,0,0
9,1,200,-160,-120,-160,0,0,0,0,0,0,0,1
9,2,200,-220,-160,200,1,0,0,0,0,0,0,0
9,3,160,-100,200,-100,0,0,0,0,0,1,0,0
9,4,200,-180,60,-180,0,0,0,0,1,0,0,0
9,5,200,-100,20,200,0,1,0,0,0,0,0,0
9,6,140,-100,400,140,1,0,0,0,0,0,0,0
9,7,200,-140,40,200,1,0,0,0,0,0,0,0
9,8,80,-100,60,-100,0,0,0,0,1,0,0,0
9,9,100,-100,-200,-100,0,0,0,0,1,0,0,0
9,10,200,-200,-200,200,0,1,0,0,0,0,0,0
9,11,160,-140,400,-140,0,0,0,0,0,0,1,0
9,12,120,-100,-140,120,1,0,0,0,0,0,0,0
9,13,180,-200,120,180,0,0,0,1,0,0,0,0
9,14,200,-120,180,200,1,0,0,0,0,0,0,0
9,15,180,-100,200,-100,0,0,0,0,0,0,1,0
9,16,100,-120,80,-120,0,0,0,0,0,0,1,0
9,17,200,-160,-240,-160,0,0,0,0,0,0,0,1
9,18,200,-220,-320,200,0,0,1,0,0,0,0,0
9,19,160,-100,200,-100,0,0,0,0,0,0,1,0
9,20,200,-180,60,-180,0,0,0,0,1,0,0,0
9,21,200,-100,-180,200,1,0,0,0,0,0,0,0
9,22,140,-100,400,140,0,0,0,1,0,0,0,0
9,23,200,-140,40,200,1,0,0,0,0,0,0,0
9,24,80,-100,200,-100,0,0,0,0,0,0,0,1
9,25,100,-100,-100,-100,0,0,0,0,0,1,0,0
9,26,200,-100,0,-100,0,0,0,0,1,0,0,0
9,27,200,-200,-100,200,1,0,0,0,0,0,0,0
9,28,160,-140,200,-140,0,0,0,0,1,0,0,0
9,29,120,-100,20,120,0,0,0,1,0,0,0,0
9,30,180,-200,20,180,0,0,0,1,0,0,0,0
9,31,200,-120,360,200,1,0,0,0,0,0,0,0
9,32,180,-100,80,-100,0,0,0,0,1,0,0,0
9,33,100,-120,80,-120,0,0,0,0,1,0,0,0
10,1,200,-220,-160,200,0,0,0,1,0,0,0,0
10,2,160,-100,400,-100,0,0,0,0,0,0,1,0
10,3,200,-180,-100,-180,0,0,0,0,1,0,0,0
10,4,200,-100,20,200,1,0,0,0,0,0,0,0
10,5,140,-100,400,140,1,0,0,0,0,0,0,0
10,6,200,-140,40,200,0,0,0,1,0,0,0,0
10,7,80,-100,60,-100,0,0,0,0,1,0,0,0
10,8,100,-100,-200,-100,0,0,0,0,1,0,0,0
10,9,200,-200,-200,200,1,0,0,0,0,0,0,0
10,10,160,-140,200,-140,0,0,0,0,0,0,0,1
10,11,120,-100,-140,120,1,0,0,0,0,0,0,0
10,12,180,-200,20,180,1,0,0,0,0,0,0,0
10,13,200,-120,180,200,0,0,0,1,0,0,0,0
10,14,180,-100,80,-100,0,0,0,0,0,0,0,1
10,15,100,-120,80,-120,0,0,0,0,0,0,0,1
10,16,200,-160,-240,-160,0,0,0,0,1,0,0,0
10,17,200,-220,-160,200,0,0,0,1,0,0,0,0
10,18,160,-100,400,-100,0,0,0,0,0,0,1,0
10,19,200,-180,60,-180,0,0,0,0,1,0,0,0
10,20,200,-100,20,200,1,0,0,0,0,0,0,0
10,21,140,-100,400,140,0,0,1,0,0,0,0,0
10,22,200,-140,140,200,0,0,0,1,0,0,0,0
10,23,80,-100,60,-100,0,0,0,0,0,0,0,1
10,24,100,-100,-100,-100,0,0,0,0,0,0,0,1
10,25,200,-100,0,-100,0,0,0,0,1,0,0,0
10,26,200,-200,100,200,1,0,0,0,0,0,0,0
10,27,160,-140,400,-140,0,0,0,0,0,0,1,0
10,28,120,-100,20,120,1,0,0,0,0,0,0,0
10,29,180,-200,120,180,0,0,0,1,0,0,0,0
10,30,200,-120,180,200,1,0,0,0,0,0,0,0
10,31,180,-100,80,-100,0,0,0,0,1,0,0,0
10,32,100,-120,80,-120,0,0,0,0,0,0,0,1
10,33,200,-160,-240,-160,0,0,0,0,0,0,1,0
11,1,160,-100,200,-100,0,0,0,0,0,0,1,0
11,2,200,-180,60,-180,0,0,0,0,0,0,1,0
11,3,200,-100,20,200,0,0,1,0,0,0,0,0
11,4,140,-100,400,140,0,0,1,0,0,0,0,0
11,5,200,-140,40,200,1,0,0,0,0,0,0,0
11,6,80,-100,200,-100,0,0,0,0,1,0,0,0
11,7,100,-100,-200,-100,0,0,0,0,1,0,0,0
11,8,200,-200,-200,200,1,0,0,0,0,0,0,0
11,9,160,-140,400,-140,0,0,0,0,1,0,0,0
11,10,120,-100,-140,120,1,0,0,0,0,0,0,0
11,11,180,-200,20,180,1,0,0,0,0,0,0,0
11,12,200,-120,360,200,0,0,1,0,0,0,0,0
11,13,180,-100,200,-100,0,0,0,0,1,0,0,0
11,14,100,-120,-100,-120,0,0,0,0,0,0,0,1
11,15,200,-160,-120,-160,0,0,0,0,1,0,0,0
11,16,200,-220,-320,200,1,0,0,0,0,0,0,0
11,17,160,-100,200,-100,0,0,0,0,0,0,0,1
11,18,200,-180,60,-180,0,0,0,0,0,0,1,0
11,19,200,-100,20,200,0,0,0,1,0,0,0,0
11,20,140,-100,400,140,1,0,0,0,0,0,0,0
11,21,200,-140,40,200,0,1,0,0,0,0,0,0
11,22,80,-100,200,-100,0,0,0,0,0,1,0,0
11,23,100,-100,-100,-100,0,0,0,0,0,0,0,1
11,24,200,-100,0,-100,0,0,0,0,0,0,0,1
11,25,200,-200,100,200,0,0,0,1,0,0,0,0
11,26,160,-140,400,-140,0,0,0,0,1,0,0,0
11,27,120,-100,20,120,1,0,0,0,0,0,0,0
11,28,180,-200,20,180,0,0,0,1,0,0,0,0
11,29,200,-120,180,200,0,0,0,1,0,0,0,0
11,30,180,-100,80,-100,0,0,0,0,0,0,0,1
11,31,100,-120,80,-120,0,0,0,0,0,0,0,1
11,32,200,-160,-120,-160,0,0,0,0,0,1,0,0
11,33,200,-220,-320,200,1,0,0,0,0,0,0,0
12,1,200,-180,60,-180,0,0,0,0,0,0,0,1
12,2,200,-100,-180,200,1,0,0,0,0,0,0,0
12,3,140,-100,200,140,0,0,0,1,0,0,0,0
12,4,200,-140,40,200,1,0,0,0,0,0,0,0
12,5,80,-100,60,-100,0,0,0,0,1,0,0,0
12,6,100,-100,-200,-100,0,0,0,0,1,0,0,0
12,7,200,-200,-200,200,1,0,0,0,0,0,0,0
12,8,160,-140,400,-140,0,0,0,0,1,0,0,0
12,9,120,-100,20,120,1,0,0,0,0,0,0,0
12,10,180,-200,20,180,1,0,0,0,0,0,0,0
12,11,200,-120,360,200,1,0,0,0,0,0,0,0
12,12,180,-100,200,-100,0,0,0,0,0,1,0,0
12,13,100,-120,80,-120,0,0,0,0,1,0,0,0
12,14,200,-160,-120,-160,0,0,0,0,0,0,0,1
12,15,200,-220,-320,200,0,0,0,1,0,0,0,0
12,16,160,-100,400,-100,0,0,0,0,1,0,0,0
12,17,200,-180,-100,-180,0,0,0,0,0,0,0,1
12,18,200,-100,20,200,1,0,0,0,0,0,0,0
12,19,140,-100,200,140,0,0,0,1,0,0,0,0
12,20,200,-140,40,200,1,0,0,0,0,0,0,0
12,21,80,-100,200,-100,0,0,0,0,0,0,1,0
12,22,100,-100,-100,-100,0,0,0,0,0,0,0,1
12,23,200,-100,0,-100,0,0,0,0,1,0,0,0
12,24,200,-200,-100,200,0,0,1,0,0,0,0,0
12,25,160,-140,200,-140,0,0,0,0,1,0,0,0
12,26,120,-100,20,120,1,0,0,0,0,0,0,0
12,27,180,-200,20,180,1,0,0,0,0,0,0,0
12,28,200,-120,180,200,0,1,0,0,0,0,0,0
12,29,180,-100,200,-100,0,0,0,0,1,0,0,0
12,30,100,-120,-100,-120,0,0,0,0,0,0,1,0
12,31,200,-160,-120,-160,0,0,0,0,1,0,0,0
12,32,200,-220,-160,200,0,0,0,1,0,0,0,0
12,33,160,-100,400,-100,0,0,0,0,1,0,0,0
13,1,200,-100,-180,200,1,0,0,0,0,0,0,0
13,2,140,-100,400,140,1,0,0,0,0,0,0,0
13,3,200,-140,140,200,0,0,0,1,0,0,0,0
13,4,80,-100,60,-100,0,0,0,0,0,0,1,0
13,5,100,-100,-200,-100,0,0,0,0,1,0,0,0
13,6,200,-200,-200,200,0,1,0,0,0,0,0,0
13,7,160,-140,400,-140,0,0,0,0,1,0,0,0
13,8,120,-100,20,120,1,0,0,0,0,0,0,0
13,9,180,-200,20,180,1,0,0,0,0,0,0,0
13,10,200,-120,360,200,1,0,0,0,0,0,0,0
13,11,180,-100,80,-100,0,0,0,0,0,0,1,0
13,12,100,-120,-100,-120,0,0,0,0,1,0,0,0
13,13,200,-160,-240,-160,0,0,0,0,1,0,0,0
13,14,200,-220,-160,200,0,0,0,1,0,0,0,0
13,15,160,-100,200,-100,0,0,0,0,0,0,1,0
13,16,200,-180,60,-180,0,0,0,0,1,0,0,0
13,17,200,-100,-180,200,0,0,0,1,0,0,0,0
13,18,140,-100,400,140,1,0,0,0,0,0,0,0
13,19,200,-140,140,200,0,0,0,1,0,0,0,0
13,20,80,-100,60,-100,0,0,0,0,1,0,0,0
13,21,100,-100,-100,-100,0,0,0,0,1,0,0,0
13,22,200,-100,0,-100,0,0,0,0,1,0,0,0
13,23,200,-200,100,200,1,0,0,0,0,0,0,0
13,24,160,-140,200,-140,0,0,0,0,1,0,0,0
13,25,120,-100,20,120,0,0,0,1,0,0,0,0
13,26,180,-200,20,180,1,0,0,0,0,0,0,0
13,27,200,-120,360,200,1,0,0,0,0,0,0,0
13,28,180,-100,80,-100,0,0,0,0,1,0,0,0
13,29,100,-120,80,-120,0,0,0,0,1,0,0,0
13,30,200,-160,-120,-160,0,0,0,0,0,0,1,0
13,31,200,-220,-320,200,0,0,1,0,0,0,0,0
13,32,160,-100,200,-100,0,0,0,0,1,0,0,0
13,33,200,-180,60,-180,0,0,0,0,0,0,0,1
14,1,140,-100,400,140,0,0,0,1,0,0,0,0
14,2,200,-140,40,200,1,0,0,0,0,0,0,0
14,3,80,-100,200,-100,0,0,0,0,1,0,0,0
14,4,100,-100,-200,-100,0,0,0,0,0,1,0,0
14,5,200,-200,-200,200,1,0,0,0,0,0,0,0
14,6,160,-140,200,-140,0,0,0,0,0,0,1,0
14,7,120,-100,20,120,1,0,0,0,0,0,0,0
14,8,180,-200,20,180,0,0,0,1,0,0,0,0
14,9,200,-120,360,200,1,0,0,0,0,0,0,0
14,10,180,-100,80,-100,0,0,0,0,1,0,0,0
14,11,100,-120,-100,-120,0,0,0,0,1,0,0,0
14,12,200,-160,-240,-160,0,0,0,0,0,0,1,0
14,13,200,-220,-320,200,0,0,1,0,0,0,0,0
14,14,160,-100,200,-100,0,0,0,0,0,0,0,1
14,15,200,-180,60,-180,0,0,0,0,0,0,1,0
14,16,200,-100,20,200,1,0,0,0,0,0,0,0
14,17,140,-100,200,140,0,0,0,1,0,0,0,0
14,18,200,-140,40,200,1,0,0,0,0,0,0,0
14,19,80,-100,200,-100,0,0,0,0,0,0,0,1
14,20,100,-100,-200,-100,0,0,0,0,1,0,0,0
14,21,200,-100,0,-100,0,0,0,0,1,0,0,0
14,22,200,-200,100,200,0,0,0,1,0,0,0,0
14,23,160,-140,400,-140,0,0,0,0,1,0,0,0
14,24,120,-100,20,120,1,0,0,0,0,0,0,0
14,25,180,-200,120,180,0,0,0,1,0,0,0,0
14,26,200,-120,360,200,1,0,0,0,0,0,0,0
14,27,180,-100,80,-100,0,0,0,0,0,0,0,1
14,28,100,-120,80,-120,0,0,0,0,1,0,0,0
14,29,200,-160,-240,-160,0,0,0,0,0,1,0,0
14,30,200,-220,-320,200,0,0,0,1,0,0,0,0
14,31,160,-100,200,-100,0,0,0,0,1,0,0,0
14,32,200,-180,60,-180,0,0,0,0,0,0,0,1
14,33,200,-100,-180,200,1,0,0,0,0,0,0,0
15,1,200,-140,140,200,0,0,1,0,0,0,0,0
15,2,80,-100,60,-100,0,0,0,0,0,1,0,0
15,3,100,-100,-200,-100,0,0,0,0,1,0,0,0
15,4,200,-200,-100,200,0,0,0,1,0,0,0,0
15,5,160,-140,400,-140,0,0,0,0,1,0,0,0
15,6,120,-100,-140,120,1,0,0,0,0,0,0,0
15,7,180,-200,20,180,0,0,0,1,0,0,0,0
15,8,200,-120,180,200,1,0,0,0,0,0,0,0
15,9,180,-100,80,-100,0,0,0,0,1,0,0,0
15,10,100,-120,80,-120,0,0,0,0,0,0,0,1
15,11,200,-160,-240,-160,0,0,0,0,1,0,0,0
15,12,200,-220,-320,200,1,0,0,0,0,0,0,0
15,13,160,-100,200,-100,0,0,0,0,0,0,0,1
15,14,200,-180,-100,-180,0,0,0,0,0,0,0,1
15,15,200,-100,-180,200,1,0,0,0,0,0,0,0
15,16,140,-100,400,140,1,0,0,0,0,0,0,0
15,17,200,-140,140,200,0,0,0,1,0,0,0,0
15,18,80,-100,60,-100,0,0,0,0,0,0,0,1
15,19,100,-100,-100,-100,0,0,0,0,0,0,1,0
15,20,200,-100,0,-100,0,0,0,0,1,0,0,0
15,21,200,-200,100,200,0,0,0,1,0,0,0,0
15,22,160,-140,200,-140,0,0,0,0,1,0,0,0
15,23,120,-100,20,120,0,1,0,0,0,0,0,0
15,24,180,-200,20,180,1,0,0,0,0,0,0,0
15,25,200,-120,180,200,0,0,0,1,0,0,0,0
15,26,180,-100,80,-100,0,0,0,0,1,0,0,0
15,27,100,-120,-100,-120,0,0,0,0,0,0,0,1
15,28,200,-160,-240,-160,0,0,0,0,0,0,0,1
15,29,200,-220,-160,200,0,0,0,1,0,0,0,0
15,30,160,-100,200,-100,0,0,0,0,0,0,0,1
15,31,200,-180,60,-180,0,0,0,0,1,0,0,0
15,32,200,-100,-180,200,1,0,0,0,0,0,0,0
15,33,140,-100,400,140,1,0,0,0,0,0,0,0
16,1,80,-100,60,-100,0,0,0,0,0,0,0,1
16,2,100,-100,-200,-100,0,0,0,0,0,1,0,0
16,3,200,-200,-200,200,0,0,0,1,0,0,0,0
16,4,160,-140,200,-140,0,0,0,0,1,0,0,0
16,5,120,-100,20,120,1,0,0,0,0,0,0,0
16,6,180,-200,20,180,0,0,0,1,0,0,0,0
16,7,200,-120,180,200,1,0,0,0,0,0,0,0
16,8,180,-100,80,-100,0,0,0,0,1,0,0,0
16,9,100,-120,80,-120,0,0,0,0,1,0,0,0
16,10,200,-160,-120,-160,0,0,0,0,0,1,0,0
16,11,200,-220,-320,200,1,0,0,0,0,0,0,0
16,12,160,-100,400,-100,0,0,0,0,0,0,1,0
16,13,200,-180,-100,-180,0,0,0,0,1,0,0,0
16,14,200,-100,-180,200,1,0,0,0,0,0,0,0
16,15,140,-100,400,140,0,0,0,1,0,0,0,0
16,16,200,-140,40,200,1,0,0,0,0,0,0,0
16,17,80,-100,200,-100,0,0,0,0,0,0,0,1
16,18,100,-100,-100,-100,0,0,0,0,1,0,0,0
16,19,200,-100,0,-100,0,0,0,0,1,0,0,0
16,20,200,-200,100,200,1,0,0,0,0,0,0,0
16,21,160,-140,200,-140,0,0,0,0,1,0,0,0
16,22,120,-100,20,120,0,0,0,1,0,0,0,0
16,23,180,-200,120,180,1,0,0,0,0,0,0,0
16,24,200,-120,360,200,1,0,0,0,0,0,0,0
16,25,180,-100,200,-100,0,0,0,0,0,0,1,0
16,26,100,-120,80,-120,0,0,0,0,1,0,0,0
16,27,200,-160,-120,-160,0,0,0,0,1,0,0,0
16,28,200,-220,-160,200,0,1,0,0,0,0,0,0
16,29,160,-100,200,-100,0,0,0,0,1,0,0,0
16,30,200,-180,-100,-180,0,0,0,0,0,0,0,1
16,31,200,-100,20,200,1,0,0,0,0,0,0,0
16,32,140,-100,400,140,1,0,0,0,0,0,0,0
16,33,200,-140,40,200,1,0,0,0,0,0,0,0
17,1,100,-100,-100,-100,0,0,0,0,1,0,0,0
17,2,200,-200,-100,200,1,0,0,0,0,0,0,0
17,3,160,-140,200,-140,0,0,0,0,0,1,0,0
17,4,120,-100,20,120,1,0,0,0,0,0,0,0
17,5,180,-200,20,180,1,0,0,0,0,0,0,0
17,6,200,-120,180,200,0,1,0,0,0,0,0,0
17,7,180,-100,80,-100,0,0,0,0,0,0,0,1
17,8,100,-120,80,-120,0,0,0,0,0,0,0,1
17,9,200,-160,-240,-160,0,0,0,0,1,0,0,0
17,10,200,-220,-160,200,0,0,0,1,0,0,0,0
17,11,160,-100,400,-100,0,0,0,0,1,0,0,0
17,12,200,-180,-100,-180,0,0,0,0,0,1,0,0
17,13,200,-100,20,200,0,0,0,1,0,0,0,0
17,14,140,-100,400,140,0,1,0,0,0,0,0,0
17,15,200,-140,140,200,0,0,0,1,0,0,0,0
17,16,80,-100,60,-100,0,0,0,0,0,0,1,0
17,17,100,-100,-100,-100,0,0,0,0,0,0,0,1
17,18,200,-100,0,-100,0,0,0,0,0,0,0,1
17,19,200,-200,100,200,0,0,0,1,0,0,0,0
17,20,160,-140,400,-140,0,0,0,0,1,0,0,0
17,21,120,-100,20,120,0,0,0,1,0,0,0,0
17,22,180,-200,120,180,0,0,0,1,0,0,0,0
17,23,200,-120,360,200,1,0,0,0,0,0,0,0
17,24,180,-100,80,-100,0,0,0,0,1,0,0,0
17,25,100,-120,80,-120,0,0,0,0,1,0,0,0
17,26,200,-160,-240,-160,0,0,0,0,1,0,0,0
17,27,200,-220,-320,200,1,0,0,0,0,0,0,0
17,28,160,-100,400,-100,0,0,0,0,0,0,0,1
17,29,200,-180,60,-180,0,0,0,0,1,0,0,0
17,30,200,-100,-180,200,1,0,0,0,0,0,0,0
17,31,140,-100,400,140,1,0,0,0,0,0,0,0
17,32,200,-140,40,200,1,0,0,0,0,0,0,0
17,33,80,-100,60,-100,0,0,0,0,0,0,0,1
18,1,200,-200,-200,200,1,0,0,0,0,0,0,0
18,2,160,-140,400,-140,0,0,0,0,0,1,0,0
18,3,120,-100,20,120,0,0,1,0,0,0,0,0
18,4,180,-200,20,180,1,0,0,0,0,0,0,0
18,5,200,-120,360,200,1,0,0,0,0,0,0,0
18,6,180,-100,200,-100,0,0,0,0,1,0,0,0
18,7,100,-120,-100,-120,0,0,0,0,1,0,0,0
18,8,200,-160,-120,-160,0,0,0,0,1,0,0,0
18,9,200,-220,-320,200,1,0,0,0,0,0,0,0
18,10,160,-100,200,-100,0,0,0,0,0,0,1,0
18,11,200,-180,60,-180,0,0,0,0,1,0,0,0
18,12,200,-100,-180,200,0,1,0,0,0,0,0,0
18,13,140,-100,200,140,0,0,0,1,0,0,0,0
18,14,200,-140,140,200,1,0,0,0,0,0,0,0
18,15,80,-100,200,-100,0,0,0,0,1,0,0,0
18,16,100,-100,-200,-100,0,0,0,0,1,0,0,0
18,17,200,-100,0,-100,0,0,0,0,1,0,0,0
18,18,200,-200,-100,200,1,0,0,0,0,0,0,0
18,19,160,-140,200,-140,0,0,0,0,1,0,0,0
18,20,120,-100,20,120,1,0,0,0,0,0,0,0
18,21,180,-200,120,180,0,0,0,1,0,0,0,0
18,22,200,-120,180,200,0,0,0,1,0,0,0,0
18,23,180,-100,80,-100,0,0,0,0,1,0,0,0
18,24,100,-120,80,-120,0,0,0,0,0,0,1,0
18,25,200,-160,-240,-160,0,0,0,0,0,1,0,0
18,26,200,-220,-320,200,0,1,0,0,0,0,0,0
18,27,160,-100,400,-100,0,0,0,0,1,0,0,0
18,28,200,-180,-100,-180,0,0,0,0,1,0,0,0
18,29,200,-100,20,200,0,0,0,1,0,0,0,0
18,30,140,-100,400,140,1,0,0,0,0,0,0,0
18,31,200,-140,40,200,1,0,0,0,0,0,0,0
18,32,80,-100,60,-100,0,0,0,0,0,0,0,1
18,33,100,-100,-100,-100,0,0,0,0,1,0,0,0
19,1,160,-140,400,-140,0,0,0,0,0,0,0,1
19,2,120,-100,-140,120,1,0,0,0,0,0,0,0
19,3,180,-200,20,180,0,0,0,1,0,0,0,0
19,4,200,-120,360,200,0,0,1,0,0,0,0,0
19,5,180,-100,80,-100,0,0,0,0,1,0,0,0
19,6,100,-120,80,-120,0,0,0,0,1,0,0,0
19,7,200,-160,-240,-160,0,0,0,0,1,0,0,0
19,8,200,-220,-320,200,1,0,0,0,0,0,0,0
19,9,160,-100,400,-100,0,0,0,0,1,0,0,0
19,10,200,-180,-100,-180,0,0,0,0,0,0,1,0
19,11,200,-100,20,200,1,0,0,0,0,0,0,0
19,12,140,-100,400,140,1,0,0,0,0,0,0,0
19,13,200,-140,140,200,0,0,0,1,0,0,0,0
19,14,80,-100,60,-100,0,0,0,0,0,0,0,1
19,15,100,-100,-200,-100,0,0,0,0,0,0,0,1
19,16,200,-100,0,-100,0,0,0,0,1,0,0,0
19,17,200,-200,100,200,0,0,0,1,0,0,0,0
19,18,160,-140,400,-140,0,0,0,0,0,0,0,1
19,19,120,-100,20,120,0,1,0,0,0,0,0,0
19,20,180,-200,20,180,0,1,0,0,0,0,0,0
19,21,200,-120,180,200,0,0,0,1,0,0,0,0
19,22,180,-100,200,-100,0,0,0,0,1,0,0,0
19,23,100,-120,80,-120,0,0,0,0,1,0,0,0
19,24,200,-160,-240,-160,0,0,0,0,1,0,0,0
19,25,200,-220,-320,200,0,0,0,1,0,0,0,0
19,26,160,-100,200,-100,0,0,0,0,1,0,0,0
19,27,200,-180,60,-180,0,0,0,0,0,1,0,0
19,28,200,-100,20,200,0,1,0,0,0,0,0,0
19,29,140,-100,200,140,0,0,0,1,0,0,0,0
19,30,200,-140,40,200,1,0,0,0,0,0,0,0
19,31,80,-100,60,-100,0,0,0,0,1,0,0,0
19,32,100,-100,-100,-100,0,0,0,0,0,0,1,0
19,33,200,-200,-200,200,1,0,0,0,0,0,0,0
20,1,120,-100,-140,120,0,0,0,1,0,0,0,0
20,2,180,-200,20,180,1,0,0,0,0,0,0,0
20,3,200,-120,180,200,0,0,0,1,0,0,0,0
20,4,180,-100,80,-100,0,0,0,0,0,1,0,0
20,5,100,-120,80,-120,0,0,0,0,1,0,0,0
20,6,200,-160,-240,-160,0,0,0,0,1,0,0,0
20,7,200,-220,-320,200,0,1,0,0,0,0,0,0
20,8,160,-100,400,-100,0,0,0,0,1,0,0,0
20,9,200,-180,60,-180,0,0,0,0,1,0,0,0
20,10,200,-100,-180,200,1,0,0,0,0,0,0,0
20,11,140,-100,400,140,0,0,1,0,0,0,0,0
20,12,200,-140,40,200,0,0,1,0,0,0,0,0
20,13,80,-100,200,-100,0,0,0,0,0,1,0,0
20,14,100,-100,-100,-100,0,0,0,0,0,0,0,1
20,15,200,-100,0,-100,0,0,0,0,1,0,0,0
20,16,200,-200,100,200,0,0,0,1,0,0,0,0
20,17,160,-140,200,-140,0,0,0,0,1,0,0,0
20,18,120,-100,-140,120,1,0,0,0,0,0,0,0
20,19,180,-200,20,180,0,0,0,1,0,0,0,0
20,20,200,-120,360,200,0,0,0,1,0,0,0,0
20,21,180,-100,200,-100,0,0,0,0,1,0,0,0
20,22,100,-120,80,-120,0,0,0,0,1,0,0,0
20,23,200,-160,-240,-160,0,0,0,0,0,1,0,0
20,24,200,-220,-320,200,1,0,0,0,0,0,0,0
20,25,160,-100,200,-100,0,0,0,0,1,0,0,0
20,26,200,-180,60,-180,0,0,0,0,1,0,0,0
20,27,200,-100,-180,200,1,0,0,0,0,0,0,0
20,28,140,-100,200,140,0,0,0,1,0,0,0,0
20,29,200,-140,140,200,0,0,0,1,0,0,0,0
20,30,80,-100,60,-100,0,0,0,0,0,0,0,1
20,31,100,-100,-200,-100,0,0,0,0,1,0,0,0
20,32,200,-200,-100,200,0,0,0,1,0,0,0,0
20,33,160,-140,400,-140,0,0,0,0,1,0,0,0
21,1,180,-200,120,180,0,0,0,1,0,0,0,0
21,2,200,-120,360,200,0,1,0,0,0,0,0,0
21,3,180,-100,200,-100,0,0,0,0,1,0,0,0
21,4,100,-120,-100,-120,0,0,0,0,0,0,0,1
21,5,200,-160,-240,-160,0,0,0,0,1,0,0,0
21,6,200,-220,-320,200,0,0,1,0,0,0,0,0
21,7,160,-100,200,-100,0,0,0,0,0,0,0,1
21,8,200,-180,60,-180,0,0,0,0,1,0,0,0
21,9,200,-100,20,200,1,0,0,0,0,0,0,0
21,10,140,-100,400,140,1,0,0,0,0,0,0,0
21,11,200,-140,40,200,1,0,0,0,0,0,0,0
21,12,80,-100,200,-100,0,0,0,0,1,0,0,0
21,13,100,-100,-200,-100,0,0,0,0,1,0,0,0
21,14,200,-100,0,-100,0,0,0,0,0,0,1,0
21,15,200,-200,100,200,1,0,0,0,0,0,0,0
21,16,160,-140,200,-140,0,0,0,0,0,0,0,1
21,17,120,-100,20,120,0,0,0,1,0,0,0,0
21,18,180,-200,20,180,1,0,0,0,0,0,0,0
21,19,200,-120,180,200,1,0,0,0,0,0,0,0
21,20,180,-100,200,-100,0,0,0,0,1,0,0,0
21,21,100,-120,80,-120,0,0,0,0,1,0,0,0
21,22,200,-160,-240,-160,0,0,0,0,0,1,0,0
21,23,200,-220,-320,200,1,0,0,0,0,0,0,0
21,24,160,-100,400,-100,0,0,0,0,0,0,1,0
21,25,200,-180,60,-180,0,0,0,0,0,1,0,0
21,26,200,-100,20,200,1,0,0,0,0,0,0,0
21,27,140,-100,400,140,0,1,0,0,0,0,0,0
21,28,200,-140,140,200,1,0,0,0,0,0,0,0
21,29,80,-100,200,-100,0,0,0,0,0,1,0,0
21,30,100,-100,-100,-100,0,0,0,0,0,0,0,1
21,31,200,-200,-200,200,1,0,0,0,0,0,0,0
21,32,160,-140,200,-140,0,0,0,0,0,1,0,0
21,33,120,-100,20,120,1,0,0,0,0,0,0,0
22,1,200,-120,180,200,1,0,0,0,0,0,0,0
22,2,180,-100,200,-100,0,0,0,0,0,0,0,1
22,3,100,-120,80,-120,0,0,0,0,1,0,0,0
22,4,200,-160,-120,-160,0,0,0,0,0,0,1,0
22,5,200,-220,-320,200,1,0,0,0,0,0,0,0
22,6,160,-100,400,-100,0,0,0,0,1,0,0,0
22,7,200,-180,-100,-180,0,0,0,0,0,0,1,0
22,8,200,-100,20,200,1,0,0,0,0,0,0,0
22,9,140,-100,400,140,1,0,0,0,0,0,0,0
22,10,200,-140,40,200,1,0,0,0,0,0,0,0
22,11,80,-100,60,-100,0,0,0,0,1,0,0,0
22,12,100,-100,-200,-100,0,0,0,0,0,0,1,0
22,13,200,-100,0,-100,0,0,0,0,0,0,0,1
22,14,200,-200,100,200,0,1,0,0,0,0,0,0
22,15,160,-140,400,-140,0,0,0,0,1,0,0,0
22,16,120,-100,-140,120,0,0,0,1,0,0,0,0
22,17,180,-200,120,180,0,0,0,1,0,0,0,0
22,18,200,-120,360,200,0,0,0,1,0,0,0,0
22,19,180,-100,80,-100,0,0,0,0,1,0,0,0
22,20,100,-120,80,-120,0,0,0,0,1,0,0,0
22,21,200,-160,-240,-160,0,0,0,0,1,0,0,0
22,22,200,-220,-160,200,0,0,0,1,0,0,0,0
22,23,160,-100,400,-100,0,0,0,0,1,0,0,0
22,24,200,-180,60,-180,0,0,0,0,0,0,1,0
22,25,200,-100,20,200,0,0,1,0,0,0,0,0
22,26,140,-100,400,140,1,0,0,0,0,0,0,0
22,27,200,-140,140,200,1,0,0,0,0,0,0,0
22,28,80,-100,60,-100,0,0,0,0,0,0,0,1
22,29,100,-100,-100,-100,0,0,0,0,0,1,0,0
22,30,200,-200,-100,200,0,0,0,1,0,0,0,0
22,31,160,-140,400,-140,0,0,0,0,1,0,0,0
22,32,120,-100,-140,120,1,0,0,0,0,0,0,0
22,33,180,-200,20,180,1,0,0,0,0,0,0,0
23,1,180,-100,80,-100,0,0,0,0,0,0,0,1
23,2,100,-120,-100,-120,0,0,0,0,0,0,1,0
23,3,200,-160,-240,-160,0,0,0,0,0,1,0,0
23,4,200,-220,-160,200,0,1,0,0,0,0,0,0
23,5,160,-100,400,-100,0,0,0,0,1,0,0,0
23,6,200,-180,60,-180,0,0,0,0,1,0,0,0
23,7,200,-100,-180,200,1,0,0,0,0,0,0,0
23,8,140,-100,400,140,1,0,0,0,0,0,0,0
23,9,200,-140,40,200,1,0,0,0,0,0,0,0
23,10,80,-100,60,-100,0,0,0,0,0,0,0,1
23,11,100,-100,-200,-100,0,0,0,0,1,0,0,0
23,12,200,-100,0,-100,0,0,0,0,1,0,0,0
23,13,200,-200,-100,200,1,0,0,0,0,0,0,0
23,14,160,-140,200,-140,0,0,0,0,0,0,1,0
23,15,120,-100,20,120,1,0,0,0,0,0,0,0
23,16,180,-200,120,180,0,0,0,1,0,0,0,0
23,17,200,-120,180,200,0,0,0,1,0,0,0,0
23,18,180,-100,200,-100,0,0,0,0,1,0,0,0
23,19,100,-120,80,-120,0,0,0,0,1,0,0,0
23,20,200,-160,-240,-160,0,0,0,0,1,0,0,0
23,21,200,-220,-320,200,0,0,0,1,0,0,0,0
23,22,160,-100,200,-100,0,0,0,0,1,0,0,0
23,23,200,-180,60,-180,0,0,0,0,1,0,0,0
23,24,200,-100,-180,200,1,0,0,0,0,0,0,0
23,25,140,-100,400,140,0,0,0,1,0,0,0,0
23,26,200,-140,40,200,1,0,0,0,0,0,0,0
23,27,80,-100,60,-100,0,0,0,0,0,0,0,1
23,28,100,-100,-100,-100,0,0,0,0,1,0,0,0
23,29,200,-200,-200,200,0,0,0,1,0,0,0,0
23,30,160,-140,200,-140,0,0,0,0,0,0,0,1
23,31,120,-100,20,120,1,0,0,0,0,0,0,0
23,32,180,-200,20,180,0,0,0,1,0,0,0,0
23,33,200,-120,360,200,1,0,0,0,0,0,0,0
24,1,100,-120,-100,-120,0,0,0,0,0,0,0,1
24,2,200,-160,-120,-160,0,0,0,0,1,0,0,0
24,3,200,-220,-320,200,0,0,0,1,0,0,0,0
24,4,160,-100,400,-100,0,0,0,0,0,1,0,0
24,5,200,-180,60,-180,0,0,0,0,1,0,0,0
24,6,200,-100,20,200,1,0,0,0,0,0,0,0
24,7,140,-100,400,140,1,0,0,0,0,0,0,0
24,8,200,-140,40,200,1,0,0,0,0,0,0,0
24,9,80,-100,60,-100,0,0,0,0,1,0,0,0
24,10,100,-100,-100,-100,0,0,0,0,0,0,1,0
24,11,200,-100,0,-100,0,0,0,0,1,0,0,0
24,12,200,-200,100,200,1,0,0,0,0,0,0,0
24,13,160,-140,400,-140,0,0,0,0,1,0,0,0
24,14,120,-100,20,120,0,0,0,1,0,0,0,0
24,15,180,-200,20,180,1,0,0,0,0,0,0,0
24,16,200,-120,180,200,0,0,0,1,0,0,0,0
24,17,180,-100,200,-100,0,0,0,0,0,0,0,1
24,18,100,-120,80,-120,0,0,0,0,0,1,0,0
24,19,200,-160,-240,-160,0,0,0,0,1,0,0,0
24,20,200,-220,-320,200,0,0,1,0,0,0,0,0
24,21,160,-100,200,-100,0,0,0,0,1,0,0,0
24,22,200,-180,60,-180,0,0,0,0,1,0,0,0
24,23,200,-100,20,200,1,0,0,0,0,0,0,0
24,24,140,-100,400,140,1,0,0,0,0,0,0,0
24,25,200,-140,140,200,0,0,1,0,0,0,0,0
24,26,80,-100,60,-100,0,0,0,0,0,0,0,1
24,27,100,-100,-100,-100,0,0,0,0,1,0,0,0
24,28,200,-200,-200,200,0,0,0,1,0,0,0,0
24,29,160,-140,200,-140,0,0,0,0,0,1,0,0
24,30,120,-100,-140,120,1,0,0,0,0,0,0,0
24,31,180,-200,20,180,1,0,0,0,0,0,0,0
24,32,200,-120,180,200,1,0,0,0,0,0,0,0
24,33,180,-100,80,-100,0,0,0,0,1,0,0,0
25,1,200,-160,-120,-160,0,0,0,0,0,0,1,0
25,2,200,-220,-320,200,1,0,0,0,0,0,0,0
25,3,160,-100,200,-100,0,0,0,0,1,0,0,0
25,4,200,-180,-100,-180,0,0,0,0,0,0,0,1
25,5,200,-100,20,200,1,0,0,0,0,0,0,0
25,6,140,-100,400,140,0,0,0,1,0,0,0,0
25,7,200,-140,40,200,1,0,0,0,0,0,0,0
25,8,80,-100,60,-100,0,0,0,0,1,0,0,0
25,9,100,-100,-200,-100,0,0,0,0,1,0,0,0
25,10,200,-100,0,-100,0,0,0,0,1,0,0,0
25,11,200,-200,100,200,0,1,0,0,0,0,0,0
25,12,160,-140,400,-140,0,0,0,0,1,0,0,0
25,13,120,-100,20,120,0,1,0,0,0,0,0,0
25,14,180,-200,120,180,0,0,0,1,0,0,0,0
25,15,200,-120,360,200,1,0,0,0,0,0,0,0
25,16,180,-100,200,-100,0,0,0,0,0,0,0,1
25,17,100,-120,-100,-120,0,0,0,0,0,0,0,1
25,18,200,-160,-240,-160,0,0,0,0,1,0,0,0
25,19,200,-220,-320,200,0,0,1,0,0,0,0,0
25,20,160,-100,400,-100,0,0,0,0,0,0,1,0
25,21,200,-180,60,-180,0,0,0,0,1,0,0,0
25,22,200,-100,20,200,0,0,0,1,0,0,0,0
25,23,140,-100,400,140,1,0,0,0,0,0,0,0
25,24,200,-140,40,200,1,0,0,0,0,0,0,0
25,25,80,-100,60,-100,0,0,0,0,0,0,0,1
25,26,100,-100,-100,-100,0,0,0,0,0,1,0,0
25,27,200,-200,-200,200,0,1,0,0,0,0,0,0
25,28,160,-140,200,-140,0,0,0,0,1,0,0,0
25,29,120,-100,20,120,0,0,0,1,0,0,0,0
25,30,180,-200,20,180,0,0,0,1,0,0,0,0
25,31,200,-120,360,200,1,0,0,0,0,0,0,0
25,32,180,-100,80,-100,0,0,0,0,1,0,0,0
25,33,100,-120,80,-120,0,0,0,0,0,1,0,0
26,1,200,-220,-160,200,0,0,0,1,0,0,0,0
26,2,160,-100,400,-100,0,0,0,0,1,0,0,0
26,3,200,-180,60,-180,0,0,0,0,0,1,0,0
26,4,200,-100,-180,200,0,1,0,0,0,0,0,0
26,5,140,-100,400,140,1,0,0,0,0,0,0,0
26,6,200,-140,140,200,0,0,0,1,0,0,0,0
26,7,80,-100,60,-100,0,0,0,0,0,0,0,1
26,8,100,-100,-200,-100,0,0,0,0,1,0,0,0
26,9,200,-100,0,-100,0,0,0,0,1,0,0,0
26,10,200,-200,100,200,1,0,0,0,0,0,0,0
26,11,160,-140,200,-140,0,0,0,0,0,0,1,0
26,12,120,-100,20,120,0,0,0,1,0,0,0,0
26,13,180,-200,20,180,0,0,0,1,0,0,0,0
26,14,200,-120,180,200,0,1,0,0,0,0,0,0
26,15,180,-100,80,-100,0,0,0,0,0,0,0,1
26,16,100,-120,-100,-120,0,0,0,0,0,0,0,1
26,17,200,-160,-120,-160,0,0,0,0,0,0,0,1
26,18,200,-220,-320,200,0,1,0,0,0,0,0,0
26,19,160,-100,400,-100,0,0,0,0,1,0,0,0
26,20,200,-180,60,-180,0,0,0,0,0,0,0,1
26,21,200,-100,20,200,0,1,0,0,0,0,0,0
26,22,140,-100,200,140,0,0,0,1,0,0,0,0
26,23,200,-140,40,200,1,0,0,0,0,0,0,0
26,24,80,-100,60,-100,0,0,0,0,0,0,0,1
26,25,100,-100,-100,-100,0,0,0,0,1,0,0,0
26,26,200,-200,-200,200,0,0,0,1,0,0,0,0
26,27,160,-140,200,-140,0,0,0,0,0,0,0,1
26,28,120,-100,20,120,1,0,0,0,0,0,0,0
26,29,180,-200,120,180,0,0,0,1,0,0,0,0
26,30,200,-120,180,200,1,0,0,0,0,0,0,0
26,31,180,-100,80,-100,0,0,0,0,1,0,0,0
26,32,100,-120,80,-120,0,0,0,0,0,0,0,1
26,33,200,-160,-240,-160,0,0,0,0,1,0,0,0
27,1,160,-100,200,-100,0,0,0,0,1,0,0,0
27,2,200,-180,60,-180,0,0,0,0,1,0,0,0
27,3,200,-100,20,200,0,0,0,1,0,0,0,0
27,4,140,-100,200,140,0,0,0,1,0,0,0,0
27,5,200,-140,40,200,1,0,0,0,0,0,0,0
27,6,80,-100,200,-100,0,0,0,0,0,1,0,0
27,7,100,-100,-100,-100,0,0,0,0,1,0,0,0
27,8,200,-100,0,-100,0,0,0,0,1,0,0,0
27,9,200,-200,100,200,1,0,0,0,0,0,0,0
27,10,160,-140,400,-140,0,0,0,0,1,0,0,0
27,11,120,-100,20,120,0,0,0,1,0,0,0,0
27,12,180,-200,120,180,0,0,1,0,0,0,0,0
27,13,200,-120,180,200,1,0,0,0,0,0,0,0
27,14,180,-100,80,-100,0,0,0,0,1,0,0,0
27,15,100,-120,-100,-120,0,0,0,0,1,0,0,0
27,16,200,-160,-120,-160,0,0,0,0,0,0,0,1
27,17,200,-220,-160,200,0,0,0,1,0,0,0,0
27,18,160,-100,200,-100,0,0,0,0,1,0,0,0
27,19,200,-180,60,-180,0,0,0,0,1,0,0,0
27,20,200,-100,-180,200,1,0,0,0,0,0,0,0
27,21,140,-100,200,140,0,0,1,0,0,0,0,0
27,22,200,-140,140,200,0,0,0,1,0,0,0,0
27,23,80,-100,60,-100,0,0,0,0,1,0,0,0
27,24,100,-100,-100,-100,0,0,0,0,0,0,0,1
27,25,200,-200,-200,200,0,0,0,1,0,0,0,0
27,26,160,-140,200,-140,0,0,0,0,0,0,1,0
27,27,120,-100,-140,120,1,0,0,0,0,0,0,0
27,28,180,-200,20,180,0,1,0,0,0,0,0,0
27,29,200,-120,180,200,0,0,0,1,0,0,0,0
27,30,180,-100,80,-100,0,0,0,0,0,0,1,0
27,31,100,-120,80,-120,0,0,0,0,0,0,1,0
27,32,200,-160,-120,-160,0,0,0,0,1,0,0,0
27,33,200,-220,-320,200,1,0,0,0,0,0,0,0
28,1,200,-180,60,-180,0,0,0,0,1,0,0,0
28,2,200,-100,20,200,1,0,0,0,0,0,0,0
28,3,140,-100,200,140,0,0,0,1,0,0,0,0
28,4,200,-140,140,200,0,0,0,1,0,0,0,0
28,5,80,-100,60,-100,0,0,0,0,1,0,0,0
28,6,100,-100,-200,-100,0,0,0,0,0,1,0,0
28,7,200,-100,0,-100,0,0,0,0,1,0,0,0
28,8,200,-200,100,200,0,0,0,1,0,0,0,0
28,9,160,-140,400,-140,0,0,0,0,0,0,1,0
28,10,120,-100,20,120,1,0,0,0,0,0,0,0
28,11,180,-200,120,180,0,0,0,1,0,0,0,0
28,12,200,-120,180,200,1,0,0,0,0,0,0,0
28,13,180,-100,80,-100,0,0,0,0,1,0,0,0
28,14,100,-120,80,-120,0,0,0,0,1,0,0,0
28,15,200,-160,-240,-160,0,0,0,0,1,0,0,0
28,16,200,-220,-160,200,0,0,0,1,0,0,0,0
28,17,160,-100,200,-100,0,0,0,0,0,0,0,1
28,18,200,-180,60,-180,0,0,0,0,1,0,0,0
28,19,200,-100,20,200,1,0,0,0,0,0,0,0
28,20,140,-100,400,140,1,0,0,0,0,0,0,0
28,21,200,-140,140,200,0,0,1,0,0,0,0,0
28,22,80,-100,200,-100,0,0,0,0,1,0,0,0
28,23,100,-100,-200,-100,0,0,0,0,1,0,0,0
28,24,200,-200,-100,200,1,0,0,0,0,0,0,0
28,25,160,-140,200,-140,0,0,0,0,0,0,0,1
28,26,120,-100,20,120,1,0,0,0,0,0,0,0
28,27,180,-200,20,180,0,1,0,0,0,0,0,0
28,28,200,-120,180,200,1,0,0,0,0,0,0,0
28,29,180,-100,200,-100,0,0,0,0,1,0,0,0
28,30,100,-120,80,-120,0,0,0,0,0,0,0,1
28,31,200,-160,-240,-160,0,0,0,0,1,0,0,0
28,32,200,-220,-320,200,0,0,0,1,0,0,0,0
28,33,160,-100,400,-100,0,0,0,0,1,0,0,0
29,1,200,-100,20,200,1,0,0,0,0,0,0,0
29,2,140,-100,400,140,1,0,0,0,0,0,0,0
29,3,200,-140,140,200,0,0,0,1,0,0,0,0
29,4,80,-100,200,-100,0,0,0,0,0,0,0,1
29,5,100,-100,-200,-100,0,0,0,0,1,0,0,0
29,6,200,-100,0,-100,0,0,0,0,0,0,0,1
29,7,200,-200,100,200,0,0,0,1,0,0,0,0
29,8,160,-140,200,-140,0,0,0,0,1,0,0,0
29,9,120,-100,-140,120,1,0,0,0,0,0,0,0
29,10,180,-200,20,180,1,0,0,0,0,0,0,0
29,11,200,-120,180,200,1,0,0,0,0,0,0,0
29,12,180,-100,80,-100,0,0,0,0,1,0,0,0
29,13,100,-120,80,-120,0,0,0,0,0,0,1,0
29,14,200,-160,-240,-160,0,0,0,0,1,0,0,0
29,15,200,-220,-320,200,1,0,0,0,0,0,0,0
29,16,160,-100,200,-100,0,0,0,0,0,0,0,1
29,17,200,-180,-100,-180,0,0,0,0,0,0,0,1
29,18,200,-100,20,200,1,0,0,0,0,0,0,0
29,19,140,-100,400,140,1,0,0,0,0,0,0,0
29,20,200,-140,40,200,0,1,0,0,0,0,0,0
29,21,80,-100,200,-100,0,0,0,0,1,0,0,0
29,22,100,-100,-200,-100,0,0,0,0,1,0,0,0
29,23,200,-200,-200,200,0,0,0,1,0,0,0,0
29,24,160,-140,400,-140,0,0,0,0,0,0,0,1
29,25,120,-100,-140,120,0,0,0,1,0,0,0,0
29,26,180,-200,20,180,0,0,0,1,0,0,0,0
29,27,200,-120,180,200,1,0,0,0,0,0,0,0
29,28,180,-100,80,-100,0,0,0,0,1,0,0,0
29,29,100,-120,80,-120,0,0,0,0,1,0,0,0
29,30,200,-160,-120,-160,0,0,0,0,0,0,1,0
29,31,200,-220,-320,200,1,0,0,0,0,0,0,0
29,32,160,-100,200,-100,0,0,0,0,1,0,0,0
29,33,200,-180,60,-180,0,0,0,0,0,0,0,1
30,1,140,-100,400,140,1,0,0,0,0,0,0,0
30,2,200,-140,40,200,1,0,0,0,0,0,0,0
30,3,80,-100,200,-100,0,0,0,0,1,0,0,0
30,4,100,-100,-100,-100,0,0,0,0,0,1,0,0
30,5,200,-100,0,-100,0,0,0,0,1,0,0,0
30,6,200,-200,-100,200,0,1,0,0,0,0,0,0
30,7,160,-140,200,-140,0,0,0,0,1,0,0,0
30,8,120,-100,20,120,0,1,0,0,0,0,0,0
30,9,180,-200,20,180,0,0,1,0,0,0,0,0
30,10,200,-120,360,200,1,0,0,0,0,0,0,0
30,11,180,-100,80,-100,0,0,0,0,0,0,1,0
30,12,100,-120,80,-120,0,0,0,0,1,0,0,0
30,13,200,-160,-240,-160,0,0,0,0,0,0,0,1
30,14,200,-220,-320,200,0,1,0,0,0,0,0,0
30,15,160,-100,400,-100,0,0,0,0,1,0,0,0
30,16,200,-180,-100,-180,0,0,0,0,0,0,0,1
30,17,200,-100,-180,200,0,0,0,1,0,0,0,0
30,18,140,-100,400,140,0,1,0,0,0,0,0,0
30,19,200,-140,40,200,0,1,0,0,0,0,0,0
30,20,80,-100,200,-100,0,0,0,0,0,0,1,0
30,21,100,-100,-200,-100,0,0,0,0,1,0,0,0
30,22,200,-200,-200,200,0,0,0,1,0,0,0,0
30,23,160,-140,200,-140,0,0,0,0,0,0,0,1
30,24,120,-100,-140,120,0,0,0,1,0,0,0,0
30,25,180,-200,120,180,0,0,0,1,0,0,0,0
30,26,200,-120,180,200,1,0,0,0,0,0,0,0
30,27,180,-100,80,-100,0,0,0,0,0,0,1,0
30,28,100,-120,80,-120,0,0,0,0,0,0,0,1
30,29,200,-160,-240,-160,0,0,0,0,1,0,0,0
30,30,200,-220,-160,200,0,0,0,1,0,0,0,0
30,31,160,-100,400,-100,0,0,0,0,1,0,0,0
30,32,200,-180,60,-180,0,0,0,0,0,0,0,1
30,33,200,-100,-180,200,1,0,0,0,0,0,0,0
31,1,200,-140,40,200,1,0,0,0,0,0,0,0
31,2,80,-100,60,-100,0,0,0,0,1,0,0,0
31,3,100,-100,-200,-100,0,0,0,0,0,1,0,0
31,4,200,-100,0,-100,0,0,0,0,1,0,0,0
31,5,200,-200,100,200,0,1,0,0,0,0,0,0
31,6,160,-140,400,-140,0,0,0,0,0,0,0,1
31,7,120,-100,20,120,0,0,0,1,0,0,0,0
31,8,180,-200,20,180,0,0,0,1,0,0,0,0
31,9,200,-120,180,200,1,0,0,0,0,0,0,0
31,10,180,-100,80,-100,0,0,0,0,1,0,0,0
31,11,100,-120,80,-120,0,0,0,0,0,1,0,0
31,12,200,-160,-240,-160,0,0,0,0,1,0,0,0
31,13,200,-220,-160,200,0,0,0,1,0,0,0,0
31,14,160,-100,200,-100,0,0,0,0,1,0,0,0
31,15,200,-180,60,-180,0,0,0,0,0,0,0,1
31,16,200,-100,-180,200,1,0,0,0,0,0,0,0
31,17,140,-100,200,140,0,0,0,1,0,0,0,0
31,18,200,-140,140,200,0,1,0,0,0,0,0,0
31,19,80,-100,60,-100,0,0,0,0,1,0,0,0
31,20,100,-100,-200,-100,0,0,0,0,0,1,0,0
31,21,200,-200,-200,200,0,0,1,0,0,0,0,0
31,22,160,-140,200,-140,0,0,0,0,1,0,0,0
31,23,120,-100,-140,120,1,0,0,0,0,0,0,0
31,24,180,-200,120,180,0,0,0,1,0,0,0,0
31,25,200,-120,180,200,1,0,0,0,0,0,0,0
31,26,180,-100,80,-100,0,0,0,0,0,0,1,0
31,27,100,-120,80,-120,0,0,0,0,0,0,0,1
31,28,200,-160,-120,-160,0,0,0,0,1,0,0,0
31,29,200,-220,-320,200,0,0,0,1,0,0,0,0
31,30,160,-100,200,-100,0,0,0,0,0,0,0,1
31,31,200,-180,60,-180,0,0,0,0,1,0,0,0
31,32,200,-100,-180,200,1,0,0,0,0,0,0,0
31,33,140,-100,400,140,1,0,0,0,0,0,0,0
32,1,80,-100,60,-100,0,0,0,0,0,0,0,1
32,2,100,-100,-200,-100,0,0,0,0,1,0,0,0
32,3,200,-100,0,-100,0,0,0,0,0,0,0,1
32,4,200,-200,100,200,0,0,1,0,0,0,0,0
32,5,160,-140,400,-140,0,0,0,0,1,0,0,0
32,6,120,-100,-140,120,1,0,0,0,0,0,0,0
32,7,180,-200,120,180,0,1,0,0,0,0,0,0
32,8,200,-120,180,200,1,0,0,0,0,0,0,0
32,9,180,-100,80,-100,0,0,0,0,0,0,1,0
32,10,100,-120,80,-120,0,0,0,0,1,0,0,0
32,11,200,-160,-120,-160,0,0,0,0,1,0,0,0
32,12,200,-220,-320,200,1,0,0,0,0,0,0,0
32,13,160,-100,200,-100,0,0,0,0,1,0,0,0
32,14,200,-180,60,-180,0,0,0,0,1,0,0,0
32,15,200,-100,-180,200,1,0,0,0,0,0,0,0
32,16,140,-100,400,140,0,0,0,1,0,0,0,0
32,17,200,-140,140,200,0,0,0,1,0,0,0,0
32,18,80,-100,60,-100,0,0,0,0,1,0,0,0
32,19,100,-100,-200,-100,0,0,0,0,1,0,0,0
32,20,200,-200,-200,200,0,0,0,1,0,0,0,0
32,21,160,-140,200,-140,0,0,0,0,1,0,0,0
32,22,120,-100,20,120,0,0,0,1,0,0,0,0
32,23,180,-200,20,180,0,1,0,0,0,0,0,0
32,24,200,-120,180,200,0,0,0,1,0,0,0,0
32,25,180,-100,80,-100,0,0,0,0,0,1,0,0
32,26,100,-120,-100,-120,0,0,0,0,0,0,0,1
32,27,200,-160,-120,-160,0,0,0,0,1,0,0,0
32,28,200,-220,-320,200,1,0,0,0,0,0,0,0
32,29,160,-100,200,-100,0,0,0,0,1,0,0,0
32,30,200,-180,-100,-180,0,0,0,0,0,0,1,0
32,31,200,-100,20,200,1,0,0,0,0,0,0,0
32,32,140,-100,400,140,0,1,0,0,0,0,0,0
32,33,200,-140,40,200,1,0,0,0,0,0,0,0
33,1,100,-100,-100,-100,0,0,0,0,1,0,0,0
33,2,200,-100,0,-100,0,0,0,0,1,0,0,0
33,3,200,-200,-100,200,1,0,0,0,0,0,0,0
33,4,160,-140,200,-140,0,0,0,0,1,0,0,0
33,5,120,-100,20,120,0,1,0,0,0,0,0,0
33,6,180,-200,20,180,1,0,0,0,0,0,0,0
33,7,200,-120,360,200,0,0,0,1,0,0,0,0
33,8,180,-100,80,-100,0,0,0,0,1,0,0,0
33,9,100,-120,80,-120,0,0,0,0,0,0,1,0
33,10,200,-160,-240,-160,0,0,0,0,1,0,0,0
33,11,200,-220,-320,200,1,0,0,0,0,0,0,0
33,12,160,-100,400,-100,0,0,0,0,1,0,0,0
33,13,200,-180,60,-180,0,0,0,0,1,0,0,0
33,14,200,-100,20,200,1,0,0,0,0,0,0,0
33,15,140,-100,400,140,1,0,0,0,0,0,0,0
33,16,200,-140,140,200,0,0,0,1,0,0,0,0
33,17,80,-100,200,-100,0,0,0,0,0,0,0,1
33,18,100,-100,-200,-100,0,0,0,0,1,0,0,0
33,19,200,-200,-200,200,0,0,0,1,0,0,0,0
33,20,160,-140,200,-140,0,0,0,0,1,0,0,0
33,21,120,-100,20,120,0,0,0,1,0,0,0,0
33,22,180,-200,120,180,0,0,0,1,0,0,0,0
33,23,200,-120,360,200,1,0,0,0,0,0,0,0
33,24,180,-100,200,-100,0,0,0,0,0,0,1,0
33,25,100,-120,80,-120,0,0,0,0,0,0,0,1
33,26,200,-160,-120,-160,0,0,0,0,0,0,0,1
33,27,200,-220,-320,200,0,0,0,1,0,0,0,0
33,28,160,-100,400,-100,0,0,0,0,1,0,0,0
33,29,200,-180,60,-180,0,0,0,0,1,0,0,0
33,30,200,-100,-180,200,0,1,0,0,0,0,0,0
33,31,140,-100,400,140,1,0,0,0,0,0,0,0
33,32,200,-140,40,200,0,1,0,0,0,0,0,0
33,33,80,-100,60,-100,0,0,0,0,0,0,0,1
34,1,200,-100,0,-100,0,0,0,0,0,0,0,1
34,2,200,-200,100,200,0,1,0,0,0,0,0,0
34,3,160,-140,400,-140,0,0,0,0,1,0,0,0
34,4,120,-100,20,120,0,1,0,0,0,0,0,0
34,5,180,-200,20,180,0,0,0,1,0,0,0,0
34,6,200,-120,360,200,1,0,0,0,0,0,0,0
34,7,180,-100,200,-100,0,0,0,0,1,0,0,0
34,8,100,-120,80,-120,0,0,0,0,0,0,0,1
34,9,200,-160,-120,-160,0,0,0,0,1,0,0,0
34,10,200,-220,-320,200,1,0,0,0,0,0,0,0
34,11,160,-100,400,-100,0,0,0,0,0,1,0,0
34,12,200,-180,60,-180,0,0,0,0,1,0,0,0
34,13,200,-100,20,200,1,0,0,0,0,0,0,0
34,14,140,-100,400,140,0,0,0,1,0,0,0,0
34,15,200,-140,40,200,1,0,0,0,0,0,0,0
34,16,80,-100,200,-100,0,0,0,0,0,0,0,1
34,17,100,-100,-100,-100,0,0,0,0,0,0,0,1
34,18,200,-200,-200,200,1,0,0,0,0,0,0,0
34,19,160,-140,200,-140,0,0,0,0,1,0,0,0
34,20,120,-100,20,120,0,0,0,1,0,0,0,0
34,21,180,-200,120,180,0,0,0,1,0,0,0,0
34,22,200,-120,180,200,0,0,0,1,0,0,0,0
34,23,180,-100,80,-100,0,0,0,0,1,0,0,0
34,24,100,-120,80,-120,0,0,0,0,0,0,1,0
34,25,200,-160,-120,-160,0,0,0,0,1,0,0,0
34,26,200,-220,-160,200,0,0,0,1,0,0,0,0
34,27,160,-100,200,-100,0,0,0,0,0,1,0,0
34,28,200,-180,60,-180,0,0,0,0,0,0,1,0
34,29,200,-100,20,200,0,0,0,1,0,0,0,0
34,30,140,-100,400,140,1,0,0,0,0,0,0,0
34,31,200,-140,40,200,1,0,0,0,0,0,0,0
34,32,80,-100,200,-100,0,0,0,0,0,0,0,1
34,33,100,-100,-100,-100,0,0,0,0,0,0,0,1
35,1,200,-200,-100,200,1,0,0,0,0,0,0,0
35,2,160,-140,400,-140,0,0,0,0,1,0,0,0
35,3,120,-100,20,120,1,0,0,0,0,0,0,0
35,4,180,-200,20,180,0,0,0,1,0,0,0,0
35,5,200,-120,180,200,0,0,0,1,0,0,0,0
35,6,180,-100,80,-100,0,0,0,0,0,0,1,0
35,7,100,-120,80,-120,0,0,0,0,0,0,0,1
35,8,200,-160,-120,-160,0,0,0,0,0,0,1,0
35,9,200,-220,-320,200,0,1,0,0,0,0,0,0
35,10,160,-100,400,-100,0,0,0,0,1,0,0,0
35,11,200,-180,60,-180,0,0,0,0,1,0,0,0
35,12,200,-100,20,200,1,0,0,0,0,0,0,0
35,13,140,-100,400,140,1,0,0,0,0,0,0,0
35,14,200,-140,140,200,0,0,0,1,0,0,0,0
35,15,80,-100,60,-100,0,0,0,0,1,0,0,0
35,16,100,-100,-100,-100,0,0,0,0,0,0,0,1
35,17,200,-200,-100,200,0,0,0,1,0,0,0,0
35,18,160,-140,400,-140,0,0,0,0,1,0,0,0
35,19,120,-100,20,120,1,0,0,0,0,0,0,0
35,20,180,-200,120,180,0,0,0,1,0,0,0,0
35,21,200,-120,180,200,0,0,0,1,0,0,0,0
35,22,180,-100,200,-100,0,0,0,0,1,0,0,0
35,23,100,-120,80,-120,0,0,0,0,1,0,0,0
35,24,200,-160,-120,-160,0,0,0,0,0,0,0,1
35,25,200,-220,-320,200,0,0,0,1,0,0,0,0
35,26,160,-100,200,-100,0,0,0,0,1,0,0,0
35,27,200,-180,60,-180,0,0,0,0,0,0,1,0
35,28,200,-100,-180,200,1,0,0,0,0,0,0,0
35,29,140,-100,200,140,0,0,0,1,0,0,0,0
35,30,200,-140,40,200,0,1,0,0,0,0,0,0
35,31,80,-100,60,-100,0,0,0,0,0,0,1,0
35,32,100,-100,-100,-100,0,0,0,0,0,0,1,0
35,33,200,-100,0,-100,0,0,0,0,1,0,0,0
36,1,160,-140,400,-140,0,0,0,0,1,0,0,0
36,2,120,-100,20,120,0,0,0,1,0,0,0,0
36,3,180,-200,20,180,0,1,0,0,0,0,0,0
36,4,200,-120,180,200,1,0,0,0,0,0,0,0
36,5,180,-100,200,-100,0,0,0,0,1,0,0,0
36,6,100,-120,80,-120,0,0,0,0,0,0,0,1
36,7,200,-160,-120,-160,0,0,0,0,0,1,0,0
36,8,200,-220,-160,200,1,0,0,0,0,0,0,0
36,9,160,-100,400,-100,0,0,0,0,0,0,1,0
36,10,200,-180,60,-180,0,0,0,0,1,0,0,0
36,11,200,-100,20,200,0,1,0,0,0,0,0,0
36,12,140,-100,400,140,1,0,0,0,0,0,0,0
36,13,200,-140,40,200,1,0,0,0,0,0,0,0
36,14,80,-100,200,-100,0,0,0,0,1,0,0,0
36,15,100,-100,-200,-100,0,0,0,0,1,0,0,0
36,16,200,-200,-100,200,1,0,0,0,0,0,0,0
36,17,160,-140,200,-140,0,0,0,0,0,0,0,1
36,18,120,-100,20,120,0,1,0,0,0,0,0,0
36,19,180,-200,20,180,0,0,0,1,0,0,0,0
36,20,200,-120,180,200,1,0,0,0,0,0,0,0
36,21,180,-100,200,-100,0,0,0,0,1,0,0,0
36,22,100,-120,80,-120,0,0,0,0,1,0,0,0
36,23,200,-160,-240,-160,0,0,0,0,1,0,0,0
36,24,200,-220,-160,200,0,0,0,1,0,0,0,0
36,25,160,-100,200,-100,0,0,0,0,1,0,0,0
36,26,200,-180,60,-180,0,0,0,0,0,0,0,1
36,27,200,-100,-180,200,1,0,0,0,0,0,0,0
36,28,140,-100,400,140,1,0,0,0,0,0,0,0
36,29,200,-140,140,200,0,0,0,1,0,0,0,0
36,30,80,-100,200,-100,0,0,0,0,0,0,0,1
36,31,100,-100,-100,-100,0,0,0,0,1,0,0,0
36,32,200,-100,0,-100,0,0,0,0,0,0,0,1
36,33,200,-200,100,200,0,0,0,1,0,0,0,0
37,1,120,-100,20,120,1,0,0,0,0,0,0,0
37,2,180,-200,120,180,0,0,0,1,0,0,0,0
37,3,200,-120,180,200,1,0,0,0,0,0,0,0
37,4,180,-100,80,-100,0,0,0,0,1,0,0,0
37,5,100,-120,80,-120,0,0,0,0,1,0,0,0
37,6,200,-160,-120,-160,0,0,0,0,0,0,1,0
37,7,200,-220,-160,200,0,0,0,1,0,0,0,0
37,8,160,-100,400,-100,0,0,0,0,0,0,1,0
37,9,200,-180,60,-180,0,0,0,0,1,0,0,0
37,10,200,-100,20,200,1,0,0,0,0,0,0,0
37,11,140,-100,200,140,0,1,0,0,0,0,0,0
37,12,200,-140,40,200,1,0,0,0,0,0,0,0
37,13,80,-100,60,-100,0,0,0,0,0,0,0,1
37,14,100,-100,-200,-100,0,0,0,0,1,0,0,0
37,15,200,-200,-200,200,1,0,0,0,0,0,0,0
37,16,160,-140,400,-140,0,0,0,0,0,0,0,1
37,17,120,-100,-140,120,0,0,0,1,0,0,0,0
37,18,180,-200,120,180,0,1,0,0,0,0,0,0
37,19,200,-120,180,200,1,0,0,0,0,0,0,0
37,20,180,-100,80,-100,0,0,0,0,1,0,0,0
37,21,100,-120,80,-120,0,0,0,0,1,0,0,0
37,22,200,-160,-240,-160,0,0,0,0,1,0,0,0
37,23,200,-220,-320,200,0,0,1,0,0,0,0,0
37,24,160,-100,200,-100,0,0,0,0,0,0,0,1
37,25,200,-180,60,-180,0,0,0,0,0,0,0,1
37,26,200,-100,-180,200,1,0,0,0,0,0,0,0
37,27,140,-100,400,140,1,0,0,0,0,0,0,0
37,28,200,-140,40,200,0,1,0,0,0,0,0,0
37,29,80,-100,200,-100,0,0,0,0,0,0,0,1
37,30,100,-100,-100,-100,0,0,0,0,0,0,0,1
37,31,200,-100,0,-100,0,0,0,0,1,0,0,0
37,32,200,-200,-100,200,0,0,1,0,0,0,0,0
37,33,160,-140,200,-140,0,0,0,0,0,1,0,0
38,1,180,-200,20,180,0,0,0,1,0,0,0,0
38,2,200,-120,180,200,0,0,0,1,0,0,0,0
38,3,180,-100,80,-100,0,0,0,0,1,0,0,0
38,4,100,-120,80,-120,0,0,0,0,1,0,0,0
38,5,200,-160,-240,-160,0,0,0,0,1,0,0,0
38,6,200,-220,-320,200,0,1,0,0,0,0,0,0
38,7,160,-100,200,-100,0,0,0,0,0,1,0,0
38,8,200,-180,-100,-180,0,0,0,0,0,0,1,0
38,9,200,-100,20,200,0,1,0,0,0,0,0,0
38,10,140,-100,400,140,1,0,0,0,0,0,0,0
38,11,200,-140,140,200,0,0,0,1,0,0,0,0
38,12,80,-100,60,-100,0,0,0,0,1,0,0,0
38,13,100,-100,-100,-100,0,0,0,0,0,0,1,0
38,14,200,-200,-200,200,0,0,1,0,0,0,0,0
38,15,160,-140,400,-140,0,0,0,0,1,0,0,0
38,16,120,-100,-140,120,0,0,0,1,0,0,0,0
38,17,180,-200,120,180,0,0,0,1,0,0,0,0
38,18,200,-120,360,200,1,0,0,0,0,0,0,0
38,19,180,-100,80,-100,0,0,0,0,1,0,0,0
38,20,100,-120,80,-120,0,0,0,0,0,0,0,1
38,21,200,-160,-240,-160,0,0,0,0,1,0,0,0
38,22,200,-220,-320,200,0,0,0,1,0,0,0,0
38,23,160,-100,200,-100,0,0,0,0,0,0,1,0
38,24,200,-180,-100,-180,0,0,0,0,0,0,1,0
38,25,200,-100,-180,200,1,0,0,0,0,0,0,0
38,26,140,-100,400,140,1,0,0,0,0,0,0,0
38,27,200,-140,40,200,1,0,0,0,0,0,0,0
38,28,80,-100,200,-100,0,0,0,0,0,0,0,1
38,29,100,-100,-100,-100,0,0,0,0,0,0,0,1
38,30,200,-100,0,-100,0,0,0,0,1,0,0,0
38,31,200,-200,100,200,0,0,0,1,0,0,0,0
38,32,160,-140,200,-140,0,0,0,0,0,0,0,1
38,33,120,-100,-140,120,1,0,0,0,0,0,0,0
39,1,200,-120,180,200,1,0,0,0,0,0,0,0
39,2,180,-100,200,-100,0,0,0,0,1,0,0,0
39,3,100,-120,80,-120,0,0,0,0,1,0,0,0
39,4,200,-160,-240,-160,0,0,0,0,1,0,0,0
39,5,200,-220,-320,200,0,0,0,1,0,0,0,0
39,6,160,-100,400,-100,0,0,0,0,0,0,0,1
39,7,200,-180,60,-180,0,0,0,0,0,1,0,0
39,8,200,-100,20,200,1,0,0,0,0,0,0,0
39,9,140,-100,200,140,0,1,0,0,0,0,0,0
39,10,200,-140,40,200,1,0,0,0,0,0,0,0
39,11,80,-100,200,-100,0,0,0,0,0,0,0,1
39,12,100,-100,-200,-100,0,0,0,0,1,0,0,0
39,13,200,-200,-100,200,1,0,0,0,0,0,0,0
39,14,160,-140,200,-140,0,0,0,0,1,0,0,0
39,15,120,-100,20,120,1,0,0,0,0,0,0,0
39,16,180,-200,120,180,0,0,0,1,0,0,0,0
39,17,200,-120,180,200,0,0,0,1,0,0,0,0
39,18,180,-100,80,-100,0,0,0,0,1,0,0,0
39,19,100,-120,80,-120,0,0,0,0,0,1,0,0
39,20,200,-160,-120,-160,0,0,0,0,1,0,0,0
39,21,200,-220,-320,200,0,0,0,1,0,0,0,0
39,22,160,-100,200,-100,0,0,0,0,1,0,0,0
39,23,200,-180,60,-180,0,0,0,0,0,0,1,0
39,24,200,-100,-180,200,1,0,0,0,0,0,0,0
39,25,140,-100,400,140,0,0,0,1,0,0,0,0
39,26,200,-140,40,200,1,0,0,0,0,0,0,0
39,27,80,-100,60,-100,0,0,0,0,0,0,0,1
39,28,100,-100,-100,-100,0,0,0,0,1,0,0,0
39,29,200,-100,0,-100,0,0,0,0,1,0,0,0
39,30,200,-200,100,200,1,0,0,0,0,0,0,0
39,31,160,-140,200,-140,0,0,0,0,0,0,0,1
39,32,120,-100,-140,120,0,0,0,1,0,0,0,0
39,33,180,-200,20,180,0,0,0,1,0,0,0,0
40,1,180,-100,80,-100,0,0,0,0,0,0,1,0
40,2,100,-120,80,-120,0,0,0,0,0,1,0,0
40,3,200,-160,-240,-160,0,0,0,0,0,1,0,0
40,4,200,-220,-320,200,1,0,0,0,0,0,0,0
40,5,160,-100,200,-100,0,0,0,0,1,0,0,0
40,6,200,-180,-100,-180,0,0,0,0,0,0,1,0
40,7,200,-100,-180,200,0,1,0,0,0,0,0,0
40,8,140,-100,400,140,0,0,0,1,0,0,0,0
40,9,200,-140,140,200,1,0,0,0,0,0,0,0
40,10,80,-100,60,-100,0,0,0,0,1,0,0,0
40,11,100,-100,-100,-100,0,0,0,0,0,0,1,0
40,12,200,-200,-200,200,1,0,0,0,0,0,0,0
40,13,160,-140,400,-140,0,0,0,0,0,0,0,1
40,14,120,-100,20,120,0,1,0,0,0,0,0,0
40,15,180,-200,20,180,1,0,0,0,0,0,0,0
40,16,200,-120,180,200,0,0,0,1,0,0,0,0
40,17,180,-100,200,-100,0,0,0,0,0,0,0,1
40,18,100,-120,80,-120,0,0,0,0,0,0,1,0
40,19,200,-160,-120,-160,0,0,0,0,1,0,0,0
40,20,200,-220,-320,200,0,1,0,0,0,0,0,0
40,21,160,-100,200,-100,0,0,0,0,1,0,0,0
40,22,200,-180,60,-180,0,0,0,0,1,0,0,0
40,23,200,-100,20,200,1,0,0,0,0,0,0,0
40,24,140,-100,400,140,0,0,1,0,0,0,0,0
40,25,200,-140,140,200,0,0,0,1,0,0,0,0
40,26,80,-100,60,-100,0,0,0,0,0,0,0,1
40,27,100,-100,-100,-100,0,0,0,0,1,0,0,0
40,28,200,-100,0,-100,0,0,0,0,0,0,1,0
40,29,200,-200,100,200,1,0,0,0,0,0,0,0
40,30,160,-140,400,-140,0,0,0,0,1,0,0,0
40,31,120,-100,-140,120,0,0,0,1,0,0,0,0
40,32,180,-200,120,180,0,0,0,1,0,0,0,0
40,33,200,-120,180,200,0,0,1,0,0,0,0,0
41,1,100,-120,80,-120,0,0,0,0,0,0,0,1
41,2,200,-160,-240,-160,0,0,0,0,1,0,0,0
41,3,200,-220,-320,200,0,1,0,0,0,0,0,0
41,4,160,-100,400,-100,0,0,0,0,1,0,0,0
41,5,200,-180,60,-180,0,0,0,0,1,0,0,0
41,6,200,-100,20,200,0,0,0,1,0,0,0,0
41,7,140,-100,200,140,1,0,0,0,0,0,0,0
41,8,200,-140,140,200,0,0,1,0,0,0,0,0
41,9,80,-100,60,-100,0,0,0,0,0,0,0,1
41,10,100,-100,-200,-100,0,0,0,0,1,0,0,0
41,11,200,-200,-100,200,0,0,0,1,0,0,0,0
41,12,160,-140,400,-140,0,0,0,0,1,0,0,0
41,13,120,-100,-140,120,1,0,0,0,0,0,0,0
41,14,180,-200,20,180,0,0,0,1,0,0,0,0
41,15,200,-120,360,200,1,0,0,0,0,0,0,0
41,16,180,-100,200,-100,0,0,0,0,0,0,0,1
41,17,100,-120,-100,-120,0,0,0,0,0,0,0,1
41,18,200,-160,-240,-160,0,0,0,0,1,0,0,0
41,19,200,-220,-320,200,0,0,0,1,0,0,0,0
41,20,160,-100,400,-100,0,0,0,0,0,1,0,0
41,21,200,-180,60,-180,0,0,0,0,1,0,0,0
41,22,200,-100,20,200,0,0,0,1,0,0,0,0
41,23,140,-100,400,140,1,0,0,0,0,0,0,0
41,24,200,-140,140,200,1,0,0,0,0,0,0,0
41,25,80,-100,200,-100,0,0,0,0,0,0,0,1
41,26,100,-100,-100,-100,0,0,0,0,1,0,0,0
41,27,200,-100,0,-100,0,0,0,0,0,0,1,0
41,28,200,-200,100,200,0,1,0,0,0,0,0,0
41,29,160,-140,400,-140,0,0,0,0,1,0,0,0
41,30,120,-100,20,120,1,0,0,0,0,0,0,0
41,31,180,-200,120,180,0,0,0,1,0,0,0,0
41,32,200,-120,180,200,1,0,0,0,0,0,0,0
41,33,180,-100,80,-100,0,0,0,0,1,0,0,0
42,1,200,-160,-120,-160,0,0,0,0,0,0,0,1
42,2,200,-220,-320,200,0,0,0,1,0,0,0,0
42,3,160,-100,400,-100,0,0,0,0,1,0,0,0
42,4,200,-180,60,-180,0,0,0,0,1,0,0,0
42,5,200,-100,20,200,0,0,0,1,0,0,0,0
42,6,140,-100,200,140,1,0,0,0,0,0,0,0
42,7,200,-140,40,200,0,0,0,1,0,0,0,0
42,8,80,-100,60,-100,0,0,0,0,0,0,1,0
42,9,100,-100,-100,-100,0,0,0,0,0,0,1,0
42,10,200,-200,-200,200,1,0,0,0,0,0,0,0
42,11,160,-140,200,-140,0,0,0,0,1,0,0,0
42,12,120,-100,20,120,1,0,0,0,0,0,0,0
42,13,180,-200,20,180,0,0,0,1,0,0,0,0
42,14,200,-120,180,200,0,1,0,0,0,0,0,0
42,15,180,-100,80,-100,0,0,0,0,1,0,0,0
42,16,100,-120,-100,-120,0,0,0,0,0,0,0,1
42,17,200,-160,-120,-160,0,0,0,0,0,0,0,1
42,18,200,-220,-320,200,0,1,0,0,0,0,0,0
42,19,160,-100,200,-100,0,0,0,0,1,0,0,0
42,20,200,-180,60,-180,0,0,0,0,0,0,1,0
42,21,200,-100,20,200,0,0,0,1,0,0,0,0
42,22,140,-100,200,140,0,0,0,1,0,0,0,0
42,23,200,-140,40,200,1,0,0,0,0,0,0,0
42,24,80,-100,60,-100,0,0,0,0,0,0,0,1
42,25,100,-100,-100,-100,0,0,0,0,1,0,0,0
42,26,200,-100,0,-100,0,0,0,0,1,0,0,0
42,27,200,-200,-100,200,1,0,0,0,0,0,0,0
42,28,160,-140,400,-140,0,0,0,0,1,0,0,0
42,29,120,-100,20,120,1,0,0,0,0,0,0,0
42,30,180,-200,20,180,1,0,0,0,0,0,0,0
42,31,200,-120,180,200,0,0,0,1,0,0,0,0
42,32,180,-100,80,-100,0,0,0,0,0,0,1,0
42,33,100,-120,80,-120,0,0,0,0,0,0,0,1
43,1,200,-220,-160,200,0,0,0,1,0,0,0,0
43,2,160,-100,200,-100,0,0,0,0,1,0,0,0
43,3,200,-180,60,-180,0,0,0,0,1,0,0,0
43,4,200,-100,20,200,0,0,0,1,0,0,0,0
43,5,140,-100,200,140,0,0,0,1,0,0,0,0
43,6,200,-140,40,200,1,0,0,0,0,0,0,0
43,7,80,-100,200,-100,0,0,0,0,0,0,0,1
43,8,100,-100,-100,-100,0,0,0,0,1,0,0,0
43,9,200,-200,-100,200,1,0,0,0,0,0,0,0
43,10,160,-140,400,-140,0,0,0,0,1,0,0,0
43,11,120,-100,20,120,1,0,0,0,0,0,0,0
43,12,180,-200,20,180,1,0,0,0,0,0,0,0
43,13,200,-120,180,200,1,0,0,0,0,0,0,0
43,14,180,-100,200,-100,0,0,0,0,1,0,0,0
43,15,100,-120,80,-120,0,0,0,0,1,0,0,0
43,16,200,-160,-120,-160,0,0,0,0,0,0,0,1
43,17,200,-220,-160,200,0,0,0,1,0,0,0,0
43,18,160,-100,400,-100,0,0,0,0,1,0,0,0
43,19,200,-180,60,-180,0,0,0,0,0,0,0,1
43,20,200,-100,-180,200,1,0,0,0,0,0,0,0
43,21,140,-100,200,140,0,0,0,1,0,0,0,0
43,22,200,-140,140,200,0,0,0,1,0,0,0,0
43,23,80,-100,60,-100,0,0,0,0,0,0,1,0
43,24,100,-100,-100,-100,0,0,0,0,0,0,1,0
43,25,200,-100,0,-100,0,0,0,0,1,0,0,0
43,26,200,-200,100,200,1,0,0,0,0,0,0,0
43,27,160,-140,400,-140,0,0,0,0,0,0,1,0
43,28,120,-100,20,120,1,0,0,0,0,0,0,0
43,29,180,-200,20,180,1,0,0,0,0,0,0,0
43,30,200,-120,360,200,1,0,0,0,0,0,0,0
43,31,180,-100,200,-100,0,0,0,0,0,0,0,1
43,32,100,-120,80,-120,0,0,0,0,0,0,1,0
43,33,200,-160,-120,-160,0,0,0,0,1,0,0,0
44,1,160,-100,200,-100,0,0,0,0,1,0,0,0
44,2,200,-180,60,-180,0,0,0,0,1,0,0,0
44,3,200,-100,20,200,1,0,0,0,0,0,0,0
44,4,140,-100,200,140,0,0,0,1,0,0,0,0
44,5,200,-140,140,200,0,0,0,1,0,0,0,0
44,6,80,-100,60,-100,0,0,0,0,0,0,0,1
44,7,100,-100,-100,-100,0,0,0,0,0,0,1,0
44,8,200,-200,-200,200,0,0,0,1,0,0,0,0
44,9,160,-140,400,-140,0,0,0,0,0,1,0,0
44,10,120,-100,20,120,1,0,0,0,0,0,0,0
44,11,180,-200,20,180,0,0,0,1,0,0,0,0
44,12,200,-120,360,200,1,0,0,0,0,0,0,0
44,13,180,-100,80,-100,0,0,0,0,1,0,0,0
44,14,100,-120,80,-120,0,0,0,0,0,1,0,0
44,15,200,-160,-240,-160,0,0,0,0,1,0,0,0
44,16,200,-220,-160,200,0,0,0,1,0,0,0,0
44,17,160,-100,200,-100,0,0,0,0,0,0,0,1
44,18,200,-180,60,-180,0,0,0,0,1,0,0,0
44,19,200,-100,-180,200,1,0,0,0,0,0,0,0
44,20,140,-100,400,140,1,0,0,0,0,0,0,0
44,21,200,-140,140,200,0,0,0,1,0,0,0,0
44,22,80,-100,200,-100,0,0,0,0,1,0,0,0
44,23,100,-100,-200,-100,0,0,0,0,0,1,0,0
44,24,200,-100,0,-100,0,0,0,0,0,0,1,0
44,25,200,-200,100,200,0,0,0,1,0,0,0,0
44,26,160,-140,400,-140,0,0,0,0,1,0,0,0
44,27,120,-100,-140,120,1,0,0,0,0,0,0,0
44,28,180,-200,20,180,0,1,0,0,0,0,0,0
44,29,200,-120,360,200,1,0,0,0,0,0,0,0
44,30,180,-100,80,-100,0,0,0,0,1,0,0,0
44,31,100,-120,-100,-120,0,0,0,0,0,0,1,0
44,32,200,-160,-120,-160,0,0,0,0,0,0,0,1
44,33,200,-220,-320,200,0,0,0,1,0,0,0,0
45,1,200,-180,60,-180,0,0,0,0,0,0,0,1
45,2,200,-100,20,200,0,0,0,1,0,0,0,0
45,3,140,-100,400,140,0,0,0,1,0,0,0,0
45,4,200,-140,140,200,0,0,0,1,0,0,0,0
45,5,80,-100,200,-100,0,0,0,0,0,0,1,0
45,6,100,-100,-100,-100,0,0,0,0,0,0,0,1
45,7,200,-200,-200,200,0,0,0,1,0,0,0,0
45,8,160,-140,200,-140,0,0,0,0,1,0,0,0
45,9,120,-100,20,120,0,0,0,1,0,0,0,0
45,10,180,-200,20,180,0,1,0,0,0,0,0,0
45,11,200,-120,180,200,1,0,0,0,0,0,0,0
45,12,180,-100,80,-100,0,0,0,0,1,0,0,0
45,13,100,-120,80,-120,0,0,0,0,0,1,0,0
45,14,200,-160,-120,-160,0,0,0,0,1,0,0,0
45,15,200,-220,-320,200,1,0,0,0,0,0,0,0
45,16,160,-100,200,-100,0,0,0,0,0,0,0,1
45,17,200,-180,-100,-180,0,0,0,0,0,0,0,1
45,18,200,-100,20,200,0,1,0,0,0,0,0,0
45,19,140,-100,400,140,1,0,0,0,0,0,0,0
45,20,200,-140,40,200,1,0,0,0,0,0,0,0
45,21,80,-100,200,-100,0,0,0,0,1,0,0,0
45,22,100,-100,-200,-100,0,0,0,0,1,0,0,0
45,23,200,-100,0,-100,0,0,0,0,1,0,0,0
45,24,200,-200,-100,200,0,0,0,1,0,0,0,0
45,25,160,-140,200,-140,0,0,0,0,0,1,0,0
45,26,120,-100,20,120,1,0,0,0,0,0,0,0
45,27,180,-200,20,180,1,0,0,0,0,0,0,0
45,28,200,-120,360,200,1,0,0,0,0,0,0,0
45,29,180,-100,80,-100,0,0,0,0,1,0,0,0
45,30,100,-120,80,-120,0,0,0,0,1,0,0,0
45,31,200,-160,-240,-160,0,0,0,0,0,0,0,1
45,32,200,-220,-160,200,0,0,0,1,0,0,0,0
45,33,160,-100,200,-100,0,0,0,0,0,1,0,0
46,1,200,-100,-180,200,1,0,0,0,0,0,0,0
46,2,140,-100,200,140,0,0,0,1,0,0,0,0
46,3,200,-140,140,200,1,0,0,0,0,0,0,0
46,4,80,-100,200,-100,0,0,0,0,0,1,0,0
46,5,100,-100,-100,-100,0,0,0,0,1,0,0,0
46,6,200,-200,-100,200,0,0,1,0,0,0,0,0
46,7,160,-140,200,-140,0,0,0,0,1,0,0,0
46,8,120,-100,20,120,0,0,1,0,0,0,0,0
46,9,180,-200,120,180,0,0,0,1,0,0,0,0
46,10,200,-120,180,200,1,0,0,0,0,0,0,0
46,11,180,-100,80,-100,0,0,0,0,1,0,0,0
46,12,100,-120,80,-120,0,0,0,0,1,0,0,0
46,13,200,-160,-120,-160,0,0,0,0,0,0,1,0
46,14,200,-220,-320,200,0,0,0,1,0,0,0,0
46,15,160,-100,400,-100,0,0,0,0,1,0,0,0
46,16,200,-180,-100,-180,0,0,0,0,0,0,0,1
46,17,200,-100,-180,200,0,0,0,1,0,0,0,0
46,18,140,-100,200,140,1,0,0,0,0,0,0,0
46,19,200,-140,40,200,1,0,0,0,0,0,0,0
46,20,80,-100,60,-100,0,0,0,0,0,0,0,1
46,21,100,-100,-200,-100,0,0,0,0,1,0,0,0
46,22,200,-100,0,-100,0,0,0,0,1,0,0,0
46,23,200,-200,100,200,0,0,1,0,0,0,0,0
46,24,160,-140,200,-140,0,0,0,0,0,0,0,1
46,25,120,-100,-140,120,0,0,0,1,0,0,0,0
46,26,180,-200,20,180,1,0,0,0,0,0,0,0
46,27,200,-120,360,200,1,0,0,0,0,0,0,0
46,28,180,-100,80,-100,0,0,0,0,1,0,0,0
46,29,100,-120,80,-120,0,0,0,0,1,0,0,0
46,30,200,-160,-240,-160,0,0,0,0,0,0,1,0
46,31,200,-220,-160,200,0,0,0,1,0,0,0,0
46,32,160,-100,200,-100,0,0,0,0,0,1,0,0
46,33,200,-180,-100,-180,0,0,0,0,0,1,0,0
47,1,140,-100,400,140,0,0,0,1,0,0,0,0
47,2,200,-140,140,200,0,0,0,1,0,0,0,0
47,3,80,-100,60,-100,0,0,0,0,1,0,0,0
47,4,100,-100,-200,-100,0,0,0,0,1,0,0,0
47,5,200,-200,-200,200,0,0,0,1,0,0,0,0
47,6,160,-140,200,-140,0,0,0,0,1,0,0,0
47,7,120,-100,20,120,0,1,0,0,0,0,0,0
47,8,180,-200,120,180,0,1,0,0,0,0,0,0
47,9,200,-120,180,200,1,0,0,0,0,0,0,0
47,10,180,-100,80,-100,0,0,0,0,1,0,0,0
47,11,100,-120,80,-120,0,0,0,0,1,0,0,0
47,12,200,-160,-240,-160,0,0,0,0,1,0,0,0
47,13,200,-220,-320,200,0,0,0,1,0,0,0,0
47,14,160,-100,200,-100,0,0,0,0,1,0,0,0
47,15,200,-180,60,-180,0,0,0,0,1,0,0,0
47,16,200,-100,-180,200,1,0,0,0,0,0,0,0
47,17,140,-100,200,140,0,0,0,1,0,0,0,0
47,18,200,-140,40,200,1,0,0,0,0,0,0,0
47,19,80,-100,60,-100,0,0,0,0,1,0,0,0
47,20,100,-100,-100,-100,0,0,0,0,1,0,0,0
47,21,200,-100,0,-100,0,0,0,0,0,0,1,0
47,22,200,-200,100,200,0,0,0,1,0,0,0,0
47,23,160,-140,200,-140,0,0,0,0,1,0,0,0
47,24,120,-100,-140,120,0,1,0,0,0,0,0,0
47,25,180,-200,120,180,0,0,0,1,0,0,0,0
47,26,200,-120,360,200,1,0,0,0,0,0,0,0
47,27,180,-100,80,-100,0,0,0,0,1,0,0,0
47,28,100,-120,80,-120,0,0,0,0,0,0,1,0
47,29,200,-160,-240,-160,0,0,0,0,1,0,0,0
47,30,200,-220,-320,200,1,0,0,0,0,0,0,0
47,31,160,-100,200,-100,0,0,0,0,0,0,0,1
47,32,200,-180,60,-180,0,0,0,0,0,0,0,1
47,33,200,-100,-180,200,1,0,0,0,0,0,0,0
48,1,200,-140,140,200,1,0,0,0,0,0,0,0
48,2,80,-100,200,-100,0,0,0,0,0,0,0,1
48,3,100,-100,-200,-100,0,0,0,0,0,1,0,0
48,4,200,-200,-200,200,0,0,0,1,0,0,0,0
48,5,160,-140,200,-140,0,0,0,0,1,0,0,0
48,6,120,-100,20,120,1,0,0,0,0,0,0,0
48,7,180,-200,20,180,1,0,0,0,0,0,0,0
48,8,200,-120,360,200,1,0,0,0,0,0,0,0
48,9,180,-100,80,-100,0,0,0,0,0,0,1,0
48,10,100,-120,80,-120,0,0,0,0,1,0,0,0
48,11,200,-160,-240,-160,0,0,0,0,1,0,0,0
48,12,200,-220,-320,200,1,0,0,0,0,0,0,0
48,13,160,-100,200,-100,0,0,0,0,1,0,0,0
48,14,200,-180,60,-180,0,0,0,0,0,0,1,0
48,15,200,-100,20,200,1,0,0,0,0,0,0,0
48,16,140,-100,400,140,0,0,0,1,0,0,0,0
48,17,200,-140,140,200,0,0,0,1,0,0,0,0
48,18,80,-100,60,-100,0,0,0,0,1,0,0,0
48,19,100,-100,-200,-100,0,0,0,0,1,0,0,0
48,20,200,-100,0,-100,0,0,0,0,0,0,0,1
48,21,200,-200,-100,200,1,0,0,0,0,0,0,0
48,22,160,-140,200,-140,0,0,0,0,1,0,0,0
48,23,120,-100,20,120,1,0,0,0,0,0,0,0
48,24,180,-200,120,180,0,0,0,1,0,0,0,0
48,25,200,-120,180,200,1,0,0,0,0,0,0,0
48,26,180,-100,80,-100,0,0,0,0,1,0,0,0
48,27,100,-120,80,-120,0,0,0,0,1,0,0,0
48,28,200,-160,-120,-160,0,0,0,0,1,0,0,0
48,29,200,-220,-320,200,1,0,0,0,0,0,0,0
48,30,160,-100,400,-100,0,0,0,0,1,0,0,0
48,31,200,-180,-100,-180,0,0,0,0,0,0,1,0
48,32,200,-100,-180,200,1,0,0,0,0,0,0,0
48,33,140,-100,400,140,0,0,0,1,0,0,0,0
49,1,80,-100,60,-100,0,0,0,0,0,0,0,1
49,2,100,-100,-100,-100,0,0,0,0,0,0,0,1
49,3,200,-200,-100,200,1,0,0,0,0,0,0,0
49,4,160,-140,200,-140,0,0,0,0,1,0,0,0
49,5,120,-100,20,120,0,1,0,0,0,0,0,0
49,6,180,-200,20,180,0,0,0,1,0,0,0,0
49,7,200,-120,360,200,1,0,0,0,0,0,0,0
49,8,180,-100,80,-100,0,0,0,0,0,1,0,0
49,9,100,-120,-100,-120,0,0,0,0,0,0,1,0
49,10,200,-160,-240,-160,0,0,0,0,1,0,0,0
49,11,200,-220,-320,200,0,1,0,0,0,0,0,0
49,12,160,-100,400,-100,0,0,0,0,1,0,0,0
49,13,200,-180,60,-180,0,0,0,0,0,0,0,1
49,14,200,-100,20,200,1,0,0,0,0,0,0,0
49,15,140,-100,400,140,1,0,0,0,0,0,0,0
49,16,200,-140,140,200,0,0,0,1,0,0,0,0
49,17,80,-100,200,-100,0,0,0,0,0,0,0,1
49,18,100,-100,-200,-100,0,0,0,0,1,0,0,0
49,19,200,-100,0,-100,0,0,0,0,1,0,0,0
49,20,200,-200,-100,200,0,0,0,1,0,0,0,0
49,21,160,-140,400,-140,0,0,0,0,1,0,0,0
49,22,120,-100,20,120,1,0,0,0,0,0,0,0
49,23,180,-200,20,180,0,0,1,0,0,0,0,0
49,24,200,-120,180,200,0,0,0,1,0,0,0,0
49,25,180,-100,80,-100,0,0,0,0,1,0,0,0
49,26,100,-120,80,-120,0,0,0,0,1,0,0,0
49,27,200,-160,-240,-160,0,0,0,0,1,0,0,0
49,28,200,-220,-320,200,0,1,0,0,0,0,0,0
49,29,160,-100,400,-100,0,0,0,0,1,0,0,0
49,30,200,-180,60,-180,0,0,0,0,1,0,0,0
49,31,200,-100,-180,200,0,0,1,0,0,0,0,0
49,32,140,-100,400,140,1,0,0,0,0,0,0,0
49,33,200,-140,140,200,0,0,1,0,0,0,0,0
50,1,100,-100,-100,-100,0,0,0,0,0,0,0,1
50,2,200,-200,-100,200,0,0,0,1,0,0,0,0
50,3,160,-140,400,-140,0,0,0,0,0,1,0,0
50,4,120,-100,20,120,1,0,0,0,0,0,0,0
50,5,180,-200,120,180,0,0,0,1,0,0,0,0
50,6,200,-120,180,200,0,1,0,0,0,0,0,0
50,7,180,-100,80,-100,0,0,0,0,1,0,0,0
50,8,100,-120,-100,-120,0,0,0,0,0,1,0,0
50,9,200,-160,-240,-160,0,0,0,0,1,0,0,0
50,10,200,-220,-320,200,0,1,0,0,0,0,0,0
50,11,160,-100,400,-100,0,0,0,0,0,0,0,1
50,12,200,-180,60,-180,0,0,0,0,1,0,0,0
50,13,200,-100,-180,200,1,0,0,0,0,0,0,0
50,14,140,-100,400,140,0,0,1,0,0,0,0,0
50,15,200,-140,40,200,1,0,0,0,0,0,0,0
50,16,80,-100,200,-100,0,0,0,0,0,0,0,1
50,17,100,-100,-100,-100,0,0,0,0,0,0,0,1
50,18,200,-100,0,-100,0,0,0,0,0,0,1,0
50,19,200,-200,100,200,1,0,0,0,0,0,0,0
50,20,160,-140,200,-140,0,0,0,0,0,0,0,1
50,21,120,-100,20,120,1,0,0,0,0,0,0,0
50,22,180,-200,20,180,0,0,0,1,0,0,0,0
50,23,200,-120,180,200,1,0,0,0,0,0,0,0
50,24,180,-100,200,-100,0,0,0,0,0,0,0,1
50,25,100,-120,80,-120,0,0,0,0,0,0,0,1
50,26,200,-160,-240,-160,0,0,0,0,1,0,0,0
50,27,200,-220,-320,200,0,1,0,0,0,0,0,0
50,28,160,-100,400,-100,0,0,0,0,0,0,0,1
50,29,200,-180,60,-180,0,0,0,0,1,0,0,0
50,30,200,-100,20,200,1,0,0,0,0,0,0,0
50,31,140,-100,400,140,0,0,0,1,0,0,0,0
50,32,200,-140,40,200,0,0,0,1,0,0,0,0
50,33,80,-100,60,-100,0,0,0,0,0,0,0,1
51,1,200,-200,-100,200,0,0,0,1,0,0,0,0
51,2,160,-140,200,-140,0,0,0,0,1,0,0,0
51,3,120,-100,20,120,1,0,0,0,0,0,0,0
51,4,180,-200,20,180,0,0,0,1,0,0,0,0
51,5,200,-120,180,200,0,1,0,0,0,0,0,0
51,6,180,-100,200,-100,0,0,0,0,0,0,0,1
51,7,100,-120,80,-120,0,0,0,0,1,0,0,0
51,8,200,-160,-240,-160,0,0,0,0,1,0,0,0
51,9,200,-220,-320,200,1,0,0,0,0,0,0,0
51,10,160,-100,400,-100,0,0,0,0,1,0,0,0
51,11,200,-180,-100,-180,0,0,0,0,0,0,0,1
51,12,200,-100,20,200,0,1,0,0,0,0,0,0
51,13,140,-100,400,140,1,0,0,0,0,0,0,0
51,14,200,-140,140,200,0,1,0,0,0,0,0,0
51,15,80,-100,60,-100,0,0,0,0,1,0,0,0
51,16,100,-100,-100,-100,0,0,0,0,0,0,0,1
51,17,200,-100,0,-100,0,0,0,0,1,0,0,0
51,18,200,-200,-100,200,0,0,0,1,0,0,0,0
51,19,160,-140,400,-140,0,0,0,0,1,0,0,0
51,20,120,-100,-140,120,0,0,0,1,0,0,0,0
51,21,180,-200,20,180,1,0,0,0,0,0,0,0
51,22,200,-120,180,200,1,0,0,0,0,0,0,0
51,23,180,-100,80,-100,0,0,0,0,1,0,0,0
51,24,100,-120,-100,-120,0,0,0,0,0,1,0,0
51,25,200,-160,-120,-160,0,0,0,0,1,0,0,0
51,26,200,-220,-320,200,1,0,0,0,0,0,0,0
51,27,160,-100,400,-100,0,0,0,0,1,0,0,0
51,28,200,-180,-100,-180,0,0,0,0,1,0,0,0
51,29,200,-100,20,200,1,0,0,0,0,0,0,0
51,30,140,-100,400,140,1,0,0,0,0,0,0,0
51,31,200,-140,140,200,0,0,1,0,0,0,0,0
51,32,80,-100,200,-100,0,0,0,0,0,0,0,1
51,33,100,-100,-100,-100,0,0,0,0,0,0,0,1
52,1,160,-140,200,-140,0,0,0,0,0,0,0,1
52,2,120,-100,20,120,0,0,0,1,0,0,0,0
52,3,180,-200,20,180,0,0,0,1,0,0,0,0
52,4,200,-120,180,200,0,0,0,1,0,0,0,0
52,5,180,-100,80,-100,0,0,0,0,0,0,1,0
52,6,100,-120,-100,-120,0,0,0,0,0,0,0,1
52,7,200,-160,-240,-160,0,0,0,0,1,0,0,0
52,8,200,-220,-320,200,0,0,1,0,0,0,0,0
52,9,160,-100,400,-100,0,0,0,0,0,0,0,1
52,10,200,-180,60,-180,0,0,0,0,1,0,0,0
52,11,200,-100,-180,200,0,1,0,0,0,0,0,0
52,12,140,-100,200,140,0,1,0,0,0,0,0,0
52,13,200,-140,40,200,1,0,0,0,0,0,0,0
52,14,80,-100,200,-100,0,0,0,0,0,0,0,1
52,15,100,-100,-200,-100,0,0,0,0,1,0,0,0
52,16,200,-100,0,-100,0,0,0,0,1,0,0,0
52,17,200,-200,100,200,1,0,0,0,0,0,0,0
52,18,160,-140,200,-140,0,0,0,0,1,0,0,0
52,19,120,-100,20,120,1,0,0,0,0,0,0,0
52,20,180,-200,120,180,0,0,0,1,0,0,0,0
52,21,200,-120,360,200,1,0,0,0,0,0,0,0
52,22,180,-100,80,-100,0,0,0,0,1,0,0,0
52,23,100,-120,80,-120,0,0,0,0,0,0,0,1
52,24,200,-160,-120,-160,0,0,0,0,0,0,1,0
52,25,200,-220,-320,200,0,0,0,1,0,0,0,0
52,26,160,-100,400,-100,0,0,0,0,1,0,0,0
52,27,200,-180,60,-180,0,0,0,0,0,0,0,1
52,28,200,-100,20,200,1,0,0,0,0,0,0,0
52,29,140,-100,400,140,1,0,0,0,0,0,0,0
52,30,200,-140,40,200,1,0,0,0,0,0,0,0
52,31,80,-100,200,-100,0,0,0,0,0,0,0,1
52,32,100,-100,-100,-100,0,0,0,0,0,0,0,1
52,33,200,-200,-100,200,1,0,0,0,0,0,0,0
53,1,120,-100,-140,120,1,0,0,0,0,0,0,0
53,2,180,-200,120,180,0,0,0,1,0,0,0,0
53,3,200,-120,180,200,0,1,0,0,0,0,0,0
53,4,180,-100,200,-100,0,0,0,0,0,0,1,0
53,5,100,-120,80,-120,0,0,0,0,1,0,0,0
53,6,200,-160,-120,-160,0,0,0,0,0,0,0,1
53,7,200,-220,-320,200,0,1,0,0,0,0,0,0
53,8,160,-100,400,-100,0,0,0,0,0,1,0,0
53,9,200,-180,-100,-180,0,0,0,0,0,0,1,0
53,10,200,-100,20,200,1,0,0,0,0,0,0,0
53,11,140,-100,200,140,0,1,0,0,0,0,0,0
53,12,200,-140,40,200,0,1,0,0,0,0,0,0
53,13,80,-100,60,-100,0,0,0,0,0,0,1,0
53,14,100,-100,-100,-100,0,0,0,0,1,0,0,0
53,15,200,-100,0,-100,0,0,0,0,1,0,0,0
53,16,200,-200,100,200,1,0,0,0,0,0,0,0
53,17,160,-140,400,-140,0,0,0,0,0,0,0,1
53,18,120,-100,20,120,1,0,0,0,0,0,0,0
53,19,180,-200,20,180,0,0,0,1,0,0,0,0
53,20,200,-120,180,200,0,0,0,1,0,0,0,0
53,21,180,-100,80,-100,0,0,0,0,1,0,0,0
53,22,100,-120,80,-120,0,0,0,0,1,0,0,0
53,23,200,-160,-120,-160,0,0,0,0,1,0,0,0
53,24,200,-220,-160,200,0,0,0,1,0,0,0,0
53,25,160,-100,200,-100,0,0,0,0,1,0,0,0
53,26,200,-180,60,-180,0,0,0,0,1,0,0,0
53,27,200,-100,-180,200,1,0,0,0,0,0,0,0
53,28,140,-100,400,140,1,0,0,0,0,0,0,0
53,29,200,-140,40,200,1,0,0,0,0,0,0,0
53,30,80,-100,60,-100,0,0,0,0,1,0,0,0
53,31,100,-100,-100,-100,0,0,0,0,0,0,0,1
53,32,200,-200,-100,200,1,0,0,0,0,0,0,0
53,33,160,-140,400,-140,0,0,0,0,1,0,0,0
54,1,180,-200,20,180,0,1,0,0,0,0,0,0
54,2,200,-120,180,200,0,0,0,1,0,0,0,0
54,3,180,-100,200,-100,0,0,0,0,0,1,0,0
54,4,100,-120,80,-120,0,0,0,0,0,0,1,0
54,5,200,-160,-240,-160,0,0,0,0,0,0,1,0
54,6,200,-220,-160,200,0,1,0,0,0,0,0,0
54,7,160,-100,400,-100,0,0,0,0,0,0,1,0
54,8,200,-180,60,-180,0,0,0,0,0,0,1,0
54,9,200,-100,-180,200,1,0,0,0,0,0,0,0
54,10,140,-100,400,140,1,0,0,0,0,0,0,0
54,11,200,-140,40,200,0,1,0,0,0,0,0,0
54,12,80,-100,60,-100,0,0,0,0,0,1,0,0
54,13,100,-100,-200,-100,0,0,0,0,0,0,1,0
54,14,200,-100,0,-100,0,0,0,0,0,0,1,0
54,15,200,-200,100,200,0,1,0,0,0,0,0,0
54,16,160,-140,400,-140,0,0,0,0,1,0,0,0
54,17,120,-100,-140,120,1,0,0,0,0,0,0,0
54,18,180,-200,20,180,0,1,0,0,0,0,0,0
54,19,200,-120,180,200,1,0,0,0,0,0,0,0
54,20,180,-100,200,-100,0,0,0,0,0,0,0,1
54,21,100,-120,80,-120,0,0,0,0,0,0,1,0
54,22,200,-160,-240,-160,0,0,0,0,1,0,0,0
54,23,200,-220,-320,200,0,0,0,1,0,0,0,0
54,24,160,-100,200,-100,0,0,0,0,0,1,0,0
54,25,200,-180,60,-180,0,0,0,0,1,0,0,0
54,26,200,-100,20,200,1,0,0,0,0,0,0,0
54,27,140,-100,400,140,1,0,0,0,0,0,0,0
54,28,200,-140,40,200,1,0,0,0,0,0,0,0
54,29,80,-100,60,-100,0,0,0,0,1,0,0,0
54,30,100,-100,-200,-100,0,0,0,0,1,0,0,0
54,31,200,-200,-100,200,0,0,0,1,0,0,0,0
54,32,160,-140,400,-140,0,0,0,0,1,0,0,0
54,33,120,-100,20,120,1,0,0,0,0,0,0,0
55,1,200,-120,180,200,0,0,0,1,0,0,0,0
55,2,180,-100,200,-100,0,0,0,0,1,0,0,0
55,3,100,-120,80,-120,0,0,0,0,1,0,0,0
55,4,200,-160,-120,-160,0,0,0,0,0,0,1,0
55,5,200,-220,-160,200,0,1,0,0,0,0,0,0
55,6,160,-100,200,-100,0,0,0,0,0,0,0,1
55,7,200,-180,-100,-180,0,0,0,0,0,1,0,0
55,8,200,-100,-180,200,1,0,0,0,0,0,0,0
55,9,140,-100,400,140,0,1,0,0,0,0,0,0
55,10,200,-140,40,200,1,0,0,0,0,0,0,0
55,11,80,-100,200,-100,0,0,0,0,0,0,0,1
55,12,100,-100,-200,-100,0,0,0,0,0,1,0,0
55,13,200,-100,0,-100,0,0,0,0,0,0,1,0
55,14,200,-200,100,200,1,0,0,0,0,0,0,0
55,15,160,-140,200,-140,0,0,0,0,0,0,1,0
55,16,120,-100,20,120,1,0,0,0,0,0,0,0
55,17,180,-200,20,180,1,0,0,0,0,0,0,0
55,18,200,-120,360,200,1,0,0,0,0,0,0,0
55,19,180,-100,80,-100,0,0,0,0,1,0,0,0
55,20,100,-120,-100,-120,0,0,0,0,0,0,0,1
55,21,200,-160,-120,-160,0,0,0,0,1,0,0,0
55,22,200,-220,-320,200,0,0,0,1,0,0,0,0
55,23,160,-100,200,-100,0,0,0,0,1,0,0,0
55,24,200,-180,60,-180,0,0,0,0,0,1,0,0
55,25,200,-100,20,200,1,0,0,0,0,0,0,0
55,26,140,-100,400,140,1,0,0,0,0,0,0,0
55,27,200,-140,40,200,1,0,0,0,0,0,0,0
55,28,80,-100,60,-100,0,0,0,0,0,0,0,1
55,29,100,-100,-200,-100,0,0,0,0,1,0,0,0
55,30,200,-200,-200,200,1,0,0,0,0,0,0,0
55,31,160,-140,200,-140,0,0,0,0,0,0,0,1
55,32,120,-100,20,120,1,0,0,0,0,0,0,0
55,33,180,-200,20,180,0,0,0,1,0,0,0,0
56,1,180,-100,200,-100,0,0,0,0,0,0,0,1
56,2,100,-120,80,-120,0,0,0,0,0,0,0,1
56,3,200,-160,-240,-160,0,0,0,0,0,1,0,0
56,4,200,-220,-160,200,0,0,0,1,0,0,0,0
56,5,160,-100,400,-100,0,0,0,0,0,0,1,0
56,6,200,-180,-100,-180,0,0,0,0,0,0,1,0
56,7,200,-100,-180,200,0,1,0,0,0,0,0,0
56,8,140,-100,400,140,0,1,0,0,0,0,0,0
56,9,200,-140,140,200,0,1,0,0,0,0,0,0
56,10,80,-100,60,-100,0,0,0,0,1,0,0,0
56,11,100,-100,-100,-100,0,0,0,0,0,0,0,1
56,12,200,-100,0,-100,0,0,0,0,1,0,0,0
56,13,200,-200,100,200,1,0,0,0,0,0,0,0
56,14,160,-140,400,-140,0,0,0,0,0,0,1,0
56,15,120,-100,-140,120,1,0,0,0,0,0,0,0
56,16,180,-200,20,180,0,0,1,0,0,0,0,0
56,17,200,-120,360,200,1,0,0,0,0,0,0,0
56,18,180,-100,80,-100,0,0,0,0,1,0,0,0
56,19,100,-120,80,-120,0,0,0,0,1,0,0,0
56,20,200,-160,-120,-160,0,0,0,0,0,0,0,1
56,21,200,-220,-320,200,1,0,0,0,0,0,0,0
56,22,160,-100,200,-100,0,0,0,0,1,0,0,0
56,23,200,-180,60,-180,0,0,0,0,0,0,1,0
56,24,200,-100,20,200,0,0,0,1,0,0,0,0
56,25,140,-100,400,140,0,1,0,0,0,0,0,0
56,26,200,-140,40,200,1,0,0,0,0,0,0,0
56,27,80,-100,60,-100,0,0,0,0,1,0,0,0
56,28,100,-100,-100,-100,0,0,0,0,0,0,1,0
56,29,200,-200,-200,200,1,0,0,0,0,0,0,0
56,30,160,-140,400,-140,0,0,0,0,1,0,0,0
56,31,120,-100,-140,120,0,0,0,1,0,0,0,0
56,32,180,-200,20,180,0,0,0,1,0,0,0,0
56,33,200,-120,180,200,1,0,0,0,0,0,0,0
57,1,100,-120,-100,-120,0,0,0,0,0,1,0,0
57,2,200,-160,-120,-160,0,0,0,0,1,0,0,0
57,3,200,-220,-320,200,1,0,0,0,0,0,0,0
57,4,160,-100,200,-100,0,0,0,0,0,0,1,0
57,5,200,-180,60,-180,0,0,0,0,0,0,0,1
57,6,200,-100,-180,200,0,1,0,0,0,0,0,0
57,7,140,-100,200,140,0,1,0,0,0,0,0,0
57,8,200,-140,140,200,0,1,0,0,0,0,0,0
57,9,80,-100,60,-100,0,0,0,0,0,0,0,1
57,10,100,-100,-200,-100,0,0,0,0,1,0,0,0
57,11,200,-100,0,-100,0,0,0,0,1,0,0,0
57,12,200,-200,100,200,0,0,0,1,0,0,0,0
57,13,160,-140,400,-140,0,0,0,0,0,0,0,1
57,14,120,-100,20,120,1,0,0,0,0,0,0,0
57,15,180,-200,20,180,0,1,0,0,0,0,0,0
57,16,200,-120,360,200,0,0,1,0,0,0,0,0
57,17,180,-100,80,-100,0,0,0,0,1,0,0,0
57,18,100,-120,80,-120,0,0,0,0,1,0,0,0
57,19,200,-160,-240,-160,0,0,0,0,1,0,0,0
57,20,200,-220,-160,200,0,0,0,1,0,0,0,0
57,21,160,-100,400,-100,0,0,0,0,1,0,0,0
57,22,200,-180,60,-180,0,0,0,0,1,0,0,0
57,23,200,-100,-180,200,1,0,0,0,0,0,0,0
57,24,140,-100,200,140,0,0,0,1,0,0,0,0
57,25,200,-140,40,200,1,0,0,0,0,0,0,0
57,26,80,-100,60,-100,0,0,0,0,0,0,1,0
57,27,100,-100,-200,-100,0,0,0,0,0,0,0,1
57,28,200,-200,-100,200,1,0,0,0,0,0,0,0
57,29,160,-140,400,-140,0,0,0,0,1,0,0,0
57,30,120,-100,20,120,1,0,0,0,0,0,0,0
57,31,180,-200,120,180,0,0,0,1,0,0,0,0
57,32,200,-120,180,200,1,0,0,0,0,0,0,0
57,33,180,-100,80,-100,0,0,0,0,0,0,1,0
58,1,200,-160,-240,-160,0,0,0,0,0,0,0,1
58,2,200,-220,-320,200,0,0,0,1,0,0,0,0
58,3,160,-100,400,-100,0,0,0,0,0,1,0,0
58,4,200,-180,-100,-180,0,0,0,0,1,0,0,0
58,5,200,-100,-180,200,1,0,0,0,0,0,0,0
58,6,140,-100,400,140,0,1,0,0,0,0,0,0
58,7,200,-140,40,200,1,0,0,0,0,0,0,0
58,8,80,-100,60,-100,0,0,0,0,0,1,0,0
58,9,100,-100,-100,-100,0,0,0,0,0,0,1,0
58,10,200,-100,0,-100,0,0,0,0,1,0,0,0
58,11,200,-200,100,200,1,0,0,0,0,0,0,0
58,12,160,-140,200,-140,0,0,0,0,1,0,0,0
58,13,120,-100,-140,120,1,0,0,0,0,0,0,0
58,14,180,-200,20,180,1,0,0,0,0,0,0,0
58,15,200,-120,360,200,0,0,1,0,0,0,0,0
58,16,180,-100,80,-100,0,0,0,0,1,0,0,0
58,17,100,-120,80,-120,0,0,0,0,0,0,0,1
58,18,200,-160,-240,-160,0,0,0,0,1,0,0,0
58,19,200,-220,-320,200,0,0,0,1,0,0,0,0
58,20,160,-100,200,-100,0,0,0,0,0,0,0,1
58,21,200,-180,60,-180,0,0,0,0,1,0,0,0
58,22,200,-100,20,200,1,0,0,0,0,0,0,0
58,23,140,-100,400,140,1,0,0,0,0,0,0,0
58,24,200,-140,140,200,0,0,0,1,0,0,0,0
58,25,80,-100,60,-100,0,0,0,0,0,0,0,1
58,26,100,-100,-100,-100,0,0,0,0,0,0,1,0
58,27,200,-200,-100,200,1,0,0,0,0,0,0,0
58,28,160,-140,400,-140,0,0,0,0,0,0,1,0
58,29,120,-100,20,120,1,0,0,0,0,0,0,0
58,30,180,-200,20,180,1,0,0,0,0,0,0,0
58,31,200,-120,180,200,0,0,0,1,0,0,0,0
58,32,180,-100,80,-100,0,0,0,0,1,0,0,0
58,33,100,-120,80,-120,0,0,0,0,0,0,0,1
59,1,200,-220,-160,200,0,0,0,1,0,0,0,0
59,2,160,-100,200,-100,0,0,0,0,1,0,0,0
59,3,200,-180,60,-180,0,0,0,0,0,1,0,0
59,4,200,-100,20,200,0,0,0,1,0,0,0,0
59,5,140,-100,400,140,1,0,0,0,0,0,0,0
59,6,200,-140,40,200,0,1,0,0,0,0,0,0
59,7,80,-100,60,-100,0,0,0,0,1,0,0,0
59,8,100,-100,-200,-100,0,0,0,0,0,0,0,1
59,9,200,-100,0,-100,0,0,0,0,1,0,0,0
59,10,200,-200,100,200,0,1,0,0,0,0,0,0
59,11,160,-140,400,-140,0,0,0,0,1,0,0,0
59,12,120,-100,20,120,0,1,0,0,0,0,0,0
59,13,180,-200,20,180,1,0,0,0,0,0,0,0
59,14,200,-120,360,200,1,0,0,0,0,0,0,0
59,15,180,-100,80,-100,0,0,0,0,0,0,1,0
59,16,100,-120,80,-120,0,0,0,0,0,1,0,0
59,17,200,-160,-120,-160,0,0,0,0,1,0,0,0
59,18,200,-220,-320,200,0,1,0,0,0,0,0,0
59,19,160,-100,200,-100,0,0,0,0,1,0,0,0
59,20,200,-180,-100,-180,0,0,0,0,0,0,0,1
59,21,200,-100,20,200,1,0,0,0,0,0,0,0
59,22,140,-100,400,140,0,0,0,1,0,0,0,0
59,23,200,-140,40,200,1,0,0,0,0,0,0,0
59,24,80,-100,200,-100,0,0,0,0,0,0,0,1
59,25,100,-100,-100,-100,0,0,0,0,1,0,0,0
59,26,200,-200,-200,200,0,1,0,0,0,0,0,0
59,27,160,-140,400,-140,0,0,0,0,1,0,0,0
59,28,120,-100,20,120,1,0,0,0,0,0,0,0
59,29,180,-200,20,180,1,0,0,0,0,0,0,0
59,30,200,-120,360,200,1,0,0,0,0,0,0,0
59,31,180,-100,200,-100,0,0,0,0,0,0,0,1
59,32,100,-120,80,-120,0,0,0,0,1,0,0,0
59,33,200,-160,-120,-160,0,0,0,0,1,0,0,0
60,1,160,-100,200,-100,0,0,0,0,1,0,0,0
60,2,200,-180,60,-180,0,0,0,0,1,0,0,0
60,3,200,-100,20,200,0,1,0,0,0,0,0,0
60,4,140,-100,200,140,0,0,0,1,0,0,0,0
60,5,200,-140,40,200,1,0,0,0,0,0,0,0
60,6,80,-100,60,-100,0,0,0,0,0,0,0,1
60,7,100,-100,-200,-100,0,0,0,0,1,0,0,0
60,8,200,-100,0,-100,0,0,0,0,1,0,0,0
60,9,200,-200,100,200,0,1,0,0,0,0,0,0
60,10,160,-140,200,-140,0,0,0,0,0,0,1,0
60,11,120,-100,20,120,0,1,0,0,0,0,0,0
60,12,180,-200,20,180,0,0,0,1,0,0,0,0
60,13,200,-120,360,200,1,0,0,0,0,0,0,0
60,14,180,-100,80,-100,0,0,0,0,0,0,0,1
60,15,100,-120,80,-120,0,0,0,0,0,0,0,1
60,16,200,-160,-120,-160,0,0,0,0,1,0,0,0
60,17,200,-220,-320,200,0,1,0,0,0,0,0,0
60,18,160,-100,400,-100,0,0,0,0,0,0,0,1
60,19,200,-180,60,-180,0,0,0,0,1,0,0,0
60,20,200,-100,-180,200,0,0,1,0,0,0,0,0
60,21,140,-100,400,140,1,0,0,0,0,0,0,0
60,22,200,-140,140,200,0,0,0,1,0,0,0,0
60,23,80,-100,60,-100,0,0,0,0,0,1,0,0
60,24,100,-100,-100,-100,0,0,0,0,0,0,0,1
60,25,200,-200,-200,200,0,0,0,1,0,0,0,0
60,26,160,-140,400,-140,0,0,0,0,0,0,0,1
60,27,120,-100,20,120,1,0,0,0,0,0,0,0
60,28,180,-200,20,180,1,0,0,0,0,0,0,0
60,29,200,-120,360,200,1,0,0,0,0,0,0,0
60,30,180,-100,80,-100,0,0,0,0,1,0,0,0
60,31,100,-120,-100,-120,0,0,0,0,0,0,0,1
60,32,200,-160,-240,-160,0,0,0,0,0,1,0,0
60,33,200,-220,-320,200,0,0,0,1,0,0,0,0
61,1,200,-180,60,-180,0,0,0,0,0,0,0,1
61,2,200,-100,20,200,0,0,0,1,0,0,0,0
61,3,140,-100,200,140,0,1,0,0,0,0,0,0
61,4,200,-140,140,200,0,0,0,1,0,0,0,0
61,5,80,-100,60,-100,0,0,0,0,0,0,1,0
61,6,100,-100,-100,-100,0,0,0,0,0,0,0,1
61,7,200,-100,0,-100,0,0,0,0,0,1,0,0
61,8,200,-200,100,200,0,0,0,1,0,0,0,0
61,9,160,-140,400,-140,0,0,0,0,1,0,0,0
61,10,120,-100,20,120,1,0,0,0,0,0,0,0
61,11,180,-200,20,180,0,0,0,1,0,0,0,0
61,12,200,-120,180,200,0,0,0,1,0,0,0,0
61,13,180,-100,80,-100,0,0,0,0,1,0,0,0
61,14,100,-120,-100,-120,0,0,0,0,0,0,1,0
61,15,200,-160,-120,-160,0,0,0,0,0,0,1,0
61,16,200,-220,-320,200,0,0,0,1,0,0,0,0
61,17,160,-100,200,-100,0,0,0,0,1,0,0,0
61,18,200,-180,-100,-180,0,0,0,0,1,0,0,0
61,19,200,-100,20,200,1,0,0,0,0,0,0,0
61,20,140,-100,200,140,1,0,0,0,0,0,0,0
61,21,200,-140,40,200,1,0,0,0,0,0,0,0
61,22,80,-100,200,-100,0,0,0,0,1,0,0,0
61,23,100,-100,-200,-100,0,0,0,0,1,0,0,0
61,24,200,-200,-100,200,1,0,0,0,0,0,0,0
61,25,160,-140,200,-140,0,0,0,0,1,0,0,0
61,26,120,-100,-140,120,0,1,0,0,0,0,0,0
61,27,180,-200,20,180,0,0,0,1,0,0,0,0
61,28,200,-120,360,200,1,0,0,0,0,0,0,0
61,29,180,-100,80,-100,0,0,0,0,1,0,0,0
61,30,100,-120,80,-120,0,0,0,0,1,0,0,0
61,31,200,-160,-120,-160,0,0,0,0,0,0,1,0
61,32,200,-220,-320,200,0,0,0,1,0,0,0,0
61,33,160,-100,200,-100,0,0,0,0,1,0,0,0
62,1,200,-100,-180,200,0,0,1,0,0,0,0,0
62,2,140,-100,200,140,0,0,0,1,0,0,0,0
62,3,200,-140,40,200,0,0,1,0,0,0,0,0
62,4,80,-100,200,-100,0,0,0,0,1,0,0,0
62,5,100,-100,-100,-100,0,0,0,0,1,0,0,0
62,6,200,-100,0,-100,0,0,0,0,1,0,0,0
62,7,200,-200,-100,200,0,1,0,0,0,0,0,0
62,8,160,-140,200,-140,0,0,0,0,1,0,0,0
62,9,120,-100,20,120,0,0,0,1,0,0,0,0
62,10,180,-200,20,180,1,0,0,0,0,0,0,0
62,11,200,-120,180,200,0,0,0,1,0,0,0,0
62,12,180,-100,200,-100,0,0,0,0,1,0,0,0
62,13,100,-120,80,-120,0,0,0,0,0,0,1,0
62,14,200,-160,-240,-160,0,0,0,0,0,0,0,1
62,15,200,-220,-320,200,0,1,0,0,0,0,0,0
62,16,160,-100,200,-100,0,0,0,0,1,0,0,0
62,17,200,-180,60,-180,0,0,0,0,0,0,0,1
62,18,200,-100,20,200,0,1,0,0,0,0,0,0
62,19,140,-100,400,140,1,0,0,0,0,0,0,0
62,20,200,-140,40,200,1,0,0,0,0,0,0,0
62,21,80,-100,60,-100,0,0,0,0,0,0,1,0
62,22,100,-100,-200,-100,0,0,0,0,0,0,1,0
62,23,200,-200,-200,200,0,0,0,1,0,0,0,0
62,24,160,-140,400,-140,0,0,0,0,0,0,0,1
62,25,120,-100,20,120,0,0,0,1,0,0,0,0
62,26,180,-200,20,180,0,0,0,1,0,0,0,0
62,27,200,-120,180,200,1,0,0,0,0,0,0,0
62,28,180,-100,80,-100,0,0,0,0,1,0,0,0
62,29,100,-120,80,-120,0,0,0,0,1,0,0,0
62,30,200,-160,-240,-160,0,0,0,0,1,0,0,0
62,31,200,-220,-160,200,0,0,0,1,0,0,0,0
62,32,160,-100,200,-100,0,0,0,0,1,0,0,0
62,33,200,-180,60,-180,0,0,0,0,1,0,0,0
63,1,140,-100,400,140,0,1,0,0,0,0,0,0
63,2,200,-140,140,200,0,0,0,1,0,0,0,0
63,3,80,-100,60,-100,0,0,0,0,1,0,0,0
63,4,100,-100,-200,-100,0,0,0,0,1,0,0,0
63,5,200,-100,0,-100,0,0,0,0,1,0,0,0
63,6,200,-200,100,200,1,0,0,0,0,0,0,0
63,7,160,-140,200,-140,0,0,0,0,1,0,0,0
63,8,120,-100,20,120,0,0,0,1,0,0,0,0
63,9,180,-200,120,180,0,0,0,1,0,0,0,0
63,10,200,-120,360,200,0,1,0,0,0,0,0,0
63,11,180,-100,200,-100,0,0,0,0,1,0,0,0
63,12,100,-120,80,-120,0,0,0,0,1,0,0,0
63,13,200,-160,-240,-160,0,0,0,0,1,0,0,0
63,14,200,-220,-160,200,1,0,0,0,0,0,0,0
63,15,160,-100,400,-100,0,0,0,0,1,0,0,0
63,16,200,-180,60,-180,0,0,0,0,1,0,0,0
63,17,200,-100,-180,200,1,0,0,0,0,0,0,0
63,18,140,-100,400,140,1,0,0,0,0,0,0,0
63,19,200,-140,40,200,0,0,0,1,0,0,0,0
63,20,80,-100,60,-100,0,0,0,0,0,0,0,1
63,21,100,-100,-200,-100,0,0,0,0,1,0,0,0
63,22,200,-200,-100,200,0,0,0,1,0,0,0,0
63,23,160,-140,200,-140,0,0,0,0,1,0,0,0
63,24,120,-100,-140,120,1,0,0,0,0,0,0,0
63,25,180,-200,120,180,0,0,0,1,0,0,0,0
63,26,200,-120,180,200,0,0,1,0,0,0,0,0
63,27,180,-100,80,-100,0,0,0,0,1,0,0,0
63,28,100,-120,80,-120,0,0,0,0,0,0,1,0
63,29,200,-160,-240,-160,0,0,0,0,1,0,0,0
63,30,200,-220,-320,200,1,0,0,0,0,0,0,0
63,31,160,-100,200,-100,0,0,0,0,0,0,0,1
63,32,200,-180,60,-180,0,0,0,0,0,1,0,0
63,33,200,-100,20,200,1,0,0,0,0,0,0,0
64,1,200,-140,140,200,0,0,0,1,0,0,0,0
64,2,80,-100,200,-100,0,0,0,0,0,0,0,1
64,3,100,-100,-200,-100,0,0,0,0,1,0,0,0
64,4,200,-100,0,-100,0,0,0,0,1,0,0,0
64,5,200,-200,100,200,0,0,0,1,0,0,0,0
64,6,160,-140,400,-140,0,0,0,0,1,0,0,0
64,7,120,-100,20,120,1,0,0,0,0,0,0,0
64,8,180,-200,120,180,0,0,0,1,0,0,0,0
64,9,200,-120,180,200,1,0,0,0,0,0,0,0
64,10,180,-100,200,-100,0,0,0,0,0,1,0,0
64,11,100,-120,80,-120,0,0,0,0,0,0,0,1
64,12,200,-160,-240,-160,0,0,0,0,1,0,0,0
64,13,200,-220,-320,200,1,0,0,0,0,0,0,0
64,14,160,-100,400,-100,0,0,0,0,0,0,0,1
64,15,200,-180,60,-180,0,0,0,0,0,0,0,1
64,16,200,-100,20,200,1,0,0,0,0,0,0,0
64,17,140,-100,400,140,1,0,0,0,0,0,0,0
64,18,200,-140,40,200,0,0,0,1,0,0,0,0
64,19,80,-100,200,-100,0,0,0,0,0,0,1,0
64,20,100,-100,-100,-100,0,0,0,0,0,0,0,1
64,21,200,-200,-200,200,1,0,0,0,0,0,0,0
64,22,160,-140,200,-140,0,0,0,0,1,0,0,0
64,23,120,-100,20,120,1,0,0,0,0,0,0,0
64,24,180,-200,20,180,0,0,0,1,0,0,0,0
64,25,200,-120,180,200,1,0,0,0,0,0,0,0
64,26,180,-100,80,-100,0,0,0,0,0,0,1,0
64,27,100,-120,80,-120,0,0,0,0,0,0,1,0
64,28,200,-160,-240,-160,0,0,0,0,0,0,0,1
64,29,200,-220,-320,200,1,0,0,0,0,0,0,0
64,30,160,-100,400,-100,0,0,0,0,1,0,0,0
64,31,200,-180,-100,-180,0,0,0,0,0,0,0,1
64,32,200,-100,-180,200,1,0,0,0,0,0,0,0
64,33,140,-100,400,140,1,0,0,0,0,0,0,0
65,1,80,-100,200,-100,0,0,0,0,0,0,0,1
65,2,100,-100,-100,-100,0,0,0,0,0,0,1,0
65,3,200,-100,0,-100,0,0,0,0,0,0,1,0
65,4,200,-200,100,200,1,0,0,0,0,0,0,0
65,5,160,-140,200,-140,0,0,0,0,1,0,0,0
65,6,120,-100,20,120,1,0,0,0,0,0,0,0
65,7,180,-200,20,180,0,0,0,1,0,0,0,0
65,8,200,-120,180,200,1,0,0,0,0,0,0,0
65,9,180,-100,80,-100,0,0,0,0,1,0,0,0
65,10,100,-120,80,-120,0,0,0,0,1,0,0,0
65,11,200,-160,-120,-160,0,0,0,0,0,1,0,0
65,12,200,-220,-320,200,0,0,0,1,0,0,0,0
65,13,160,-100,400,-100,0,0,0,0,0,0,1,0
65,14,200,-180,-100,-180,0,0,0,0,0,0,1,0
65,15,200,-100,-180,200,1,0,0,0,0,0,0,0
65,16,140,-100,400,140,1,0,0,0,0,0,0,0
65,17,200,-140,40,200,0,0,0,1,0,0,0,0
65,18,80,-100,200,-100,0,0,0,0,0,0,1,0
65,19,100,-100,-100,-100,0,0,0,0,1,0,0,0
65,20,200,-200,-100,200,0,0,0,1,0,0,0,0
65,21,160,-140,400,-140,0,0,0,0,1,0,0,0
65,22,120,-100,20,120,0,1,0,0,0,0,0,0
65,23,180,-200,20,180,0,0,0,1,0,0,0,0
65,24,200,-120,180,200,1,0,0,0,0,0,0,0
65,25,180,-100,80,-100,0,0,0,0,1,0,0,0
65,26,100,-120,80,-120,0,0,0,0,1,0,0,0
65,27,200,-160,-240,-160,0,0,0,0,1,0,0,0
65,28,200,-220,-160,200,1,0,0,0,0,0,0,0
65,29,160,-100,400,-100,0,0,0,0,1,0,0,0
65,30,200,-180,60,-180,0,0,0,0,1,0,0,0
65,31,200,-100,-180,200,1,0,0,0,0,0,0,0
65,32,140,-100,400,140,1,0,0,0,0,0,0,0
65,33,200,-140,40,200,0,1,0,0,0,0,0,0
66,1,100,-100,-100,-100,0,0,0,0,0,0,0,1
66,2,200,-100,0,-100,0,0,0,0,1,0,0,0
66,3,200,-200,-100,200,0,1,0,0,0,0,0,0
66,4,160,-140,400,-140,0,0,0,0,0,1,0,0
66,5,120,-100,20,120,0,0,0,1,0,0,0,0
66,6,180,-200,20,180,1,0,0,0,0,0,0,0
66,7,200,-120,180,200,1,0,0,0,0,0,0,0
66,8,180,-100,80,-100,0,0,0,0,1,0,0,0
66,9,100,-120,80,-120,0,0,0,0,1,0,0,0
66,10,200,-160,-240,-160,0,0,0,0,0,0,0,1
66,11,200,-220,-320,200,0,0,0,1,0,0,0,0
66,12,160,-100,200,-100,0,0,0,0,1,0,0,0
66,13,200,-180,-100,-180,0,0,0,0,0,0,1,0
66,14,200,-100,-180,200,1,0,0,0,0,0,0,0
66,15,140,-100,400,140,0,0,0,1,0,0,0,0
66,16,200,-140,40,200,1,0,0,0,0,0,0,0
66,17,80,-100,200,-100,0,0,0,0,0,0,0,1
66,18,100,-100,-100,-100,0,0,0,0,0,1,0,0
66,19,200,-200,-200,200,1,0,0,0,0,0,0,0
66,20,160,-140,200,-140,0,0,0,0,0,0,0,1
66,21,120,-100,20,120,1,0,0,0,0,0,0,0
66,22,180,-200,20,180,0,0,0,1,0,0,0,0
66,23,200,-120,180,200,1,0,0,0,0,0,0,0
66,24,180,-100,80,-100,0,0,0,0,0,0,1,0
66,25,100,-120,80,-120,0,0,0,0,0,0,0,1
66,26,200,-160,-240,-160,0,0,0,0,1,0,0,0
66,27,200,-220,-320,200,0,0,0,1,0,0,0,0
66,28,160,-100,400,-100,0,0,0,0,1,0,0,0
66,29,200,-180,60,-180,0,0,0,0,1,0,0,0
66,30,200,-100,20,200,1,0,0,0,0,0,0,0
66,31,140,-100,400,140,0,0,0,1,0,0,0,0
66,32,200,-140,40,200,0,0,0,1,0,0,0,0
66,33,80,-100,200,-100,0,0,0,0,0,0,0,1
67,1,200,-100,0,-100,0,0,0,0,1,0,0,0
67,2,200,-200,100,200,0,0,1,0,0,0,0,0
67,3,160,-140,200,-140,0,0,0,0,1,0,0,0
67,4,120,-100,-140,120,1,0,0,0,0,0,0,0
67,5,180,-200,120,180,0,0,0,1,0,0,0,0
67,6,200,-120,360,200,1,0,0,0,0,0,0,0
67,7,180,-100,80,-100,0,0,0,0,1,0,0,0
67,8,100,-120,80,-120,0,0,0,0,1,0,0,0
67,9,200,-160,-240,-160,0,0,0,0,1,0,0,0
67,10,200,-220,-160,200,1,0,0,0,0,0,0,0
67,11,160,-100,200,-100,0,0,0,0,0,0,1,0
67,12,200,-180,60,-180,0,0,0,0,0,0,0,1
67,13,200,-100,-180,200,1,0,0,0,0,0,0,0
67,14,140,-100,400,140,1,0,0,0,0,0,0,0
67,15,200,-140,140,200,0,1,0,0,0,0,0,0
67,16,80,-100,60,-100,0,0,0,0,1,0,0,0
67,17,100,-100,-100,-100,0,0,0,0,1,0,0,0
67,18,200,-200,-200,200,1,0,0,0,0,0,0,0
67,19,160,-140,400,-140,0,0,0,0,1,0,0,0
67,20,120,-100,-140,120,0,0,0,1,0,0,0,0
67,21,180,-200,20,180,1,0,0,0,0,0,0,0
67,22,200,-120,180,200,0,0,0,1,0,0,0,0
67,23,180,-100,80,-100,0,0,0,0,1,0,0,0
67,24,100,-120,-100,-120,0,0,0,0,1,0,0,0
67,25,200,-160,-120,-160,0,0,0,0,1,0,0,0
67,26,200,-220,-320,200,0,0,0,1,0,0,0,0
67,27,160,-100,200,-100,0,0,0,0,1,0,0,0
67,28,200,-180,60,-180,0,0,0,0,1,0,0,0
67,29,200,-100,20,200,1,0,0,0,0,0,0,0
67,30,140,-100,400,140,1,0,0,0,0,0,0,0
67,31,200,-140,140,200,0,0,0,1,0,0,0,0
67,32,80,-100,200,-100,0,0,0,0,0,1,0,0
67,33,100,-100,-100,-100,0,0,0,0,1,0,0,0
68,1,200,-200,100,200,0,0,0,1,0,0,0,0
68,2,160,-140,200,-140,0,0,0,0,1,0,0,0
68,3,120,-100,20,120,0,0,0,1,0,0,0,0
68,4,180,-200,20,180,0,0,0,1,0,0,0,0
68,5,200,-120,180,200,0,0,0,1,0,0,0,0
68,6,180,-100,80,-100,0,0,0,0,0,0,0,1
68,7,100,-120,80,-120,0,0,0,0,1,0,0,0
68,8,200,-160,-240,-160,0,0,0,0,0,0,1,0
68,9,200,-220,-320,200,0,0,0,1,0,0,0,0
68,10,160,-100,400,-100,0,0,0,0,0,0,0,1
68,11,200,-180,60,-180,0,0,0,0,0,0,0,1
68,12,200,-100,-180,200,1,0,0,0,0,0,0,0
68,13,140,-100,400,140,1,0,0,0,0,0,0,0
68,14,200,-140,40,200,1,0,0,0,0,0,0,0
68,15,80,-100,60,-100,0,0,0,0,0,0,0,1
68,16,100,-100,-200,-100,0,0,0,0,1,0,0,0
68,17,200,-200,-200,200,1,0,0,0,0,0,0,0
68,18,160,-140,400,-140,0,0,0,0,0,0,1,0
68,19,120,-100,20,120,1,0,0,0,0,0,0,0
68,20,180,-200,120,180,0,0,0,1,0,0,0,0
68,21,200,-120,360,200,1,0,0,0,0,0,0,0
68,22,180,-100,200,-100,0,0,0,0,1,0,0,0
68,23,100,-120,80,-120,0,0,0,0,1,0,0,0
68,24,200,-160,-240,-160,0,0,0,0,0,0,0,1
68,25,200,-220,-320,200,0,0,0,1,0,0,0,0
68,26,160,-100,200,-100,0,0,0,0,1,0,0,0
68,27,200,-180,60,-180,0,0,0,0,1,0,0,0
68,28,200,-100,20,200,1,0,0,0,0,0,0,0
68,29,140,-100,400,140,1,0,0,0,0,0,0,0
68,30,200,-140,40,200,1,0,0,0,0,0,0,0
68,31,80,-100,200,-100,0,0,0,0,0,0,0,1
68,32,100,-100,-100,-100,0,0,0,0,1,0,0,0
68,33,200,-100,0,-100,0,0,0,0,0,0,1,0
69,1,160,-140,200,-140,0,0,0,0,1,0,0,0
69,2,120,-100,20,120,1,0,0,0,0,0,0,0
69,3,180,-200,120,180,0,0,0,1,0,0,0,0
69,4,200,-120,180,200,1,0,0,0,0,0,0,0
69,5,180,-100,200,-100,0,0,0,0,1,0,0,0
69,6,100,-120,-100,-120,0,0,0,0,0,0,1,0
69,7,200,-160,-240,-160,0,0,0,0,1,0,0,0
69,8,200,-220,-320,200,0,0,1,0,0,0,0,0
69,9,160,-100,200,-100,0,0,0,0,0,0,1,0
69,10,200,-180,-100,-180,0,0,0,0,0,0,1,0
69,11,200,-100,-180,200,1,0,0,0,0,0,0,0
69,12,140,-100,400,140,0,0,0,1,0,0,0,0
69,13,200,-140,40,200,1,0,0,0,0,0,0,0
69,14,80,-100,60,-100,0,0,0,0,0,0,0,1
69,15,100,-100,-100,-100,0,0,0,0,1,0,0,0
69,16,200,-200,-200,200,0,0,0,1,0,0,0,0
69,17,160,-140,400,-140,0,0,0,0,0,0,0,1
69,18,120,-100,20,120,1,0,0,0,0,0,0,0
69,19,180,-200,20,180,1,0,0,0,0,0,0,0
69,20,200,-120,180,200,0,0,0,1,0,0,0,0
69,21,180,-100,80,-100,0,0,0,0,1,0,0,0
69,22,100,-120,80,-120,0,0,0,0,0,0,1,0
69,23,200,-160,-240,-160,0,0,0,0,1,0,0,0
69,24,200,-220,-160,200,0,0,0,1,0,0,0,0
69,25,160,-100,200,-100,0,0,0,0,1,0,0,0
69,26,200,-180,60,-180,0,0,0,0,1,0,0,0
69,27,200,-100,20,200,1,0,0,0,0,0,0,0
69,28,140,-100,400,140,1,0,0,0,0,0,0,0
69,29,200,-140,40,200,1,0,0,0,0,0,0,0
69,30,80,-100,60,-100,0,0,0,0,1,0,0,0
69,31,100,-100,-100,-100,0,0,0,0,0,0,0,1
69,32,200,-100,0,-100,0,0,0,0,1,0,0,0
69,33,200,-200,-100,200,0,0,0,1,0,0,0,0
70,1,120,-100,20,120,1,0,0,0,0,0,0,0
70,2,180,-200,20,180,1,0,0,0,0,0,0,0
70,3,200,-120,180,200,0,1,0,0,0,0,0,0
70,4,180,-100,80,-100,0,0,0,0,0,0,0,1
70,5,100,-120,80,-120,0,0,0,0,1,0,0,0
70,6,200,-160,-120,-160,0,0,0,0,1,0,0,0
70,7,200,-220,-320,200,0,1,0,0,0,0,0,0
70,8,160,-100,400,-100,0,0,0,0,0,0,0,1
70,9,200,-180,-100,-180,0,0,0,0,1,0,0,0
70,10,200,-100,20,200,0,0,0,1,0,0,0,0
70,11,140,-100,400,140,0,0,0,1,0,0,0,0
70,12,200,-140,140,200,0,1,0,0,0,0,0,0
70,13,80,-100,60,-100,0,0,0,0,0,0,0,1
70,14,100,-100,-100,-100,0,0,0,0,0,0,0,1
70,15,200,-200,-200,200,0,0,0,1,0,0,0,0
70,16,160,-140,200,-140,0,0,0,0,1,0,0,0
70,17,120,-100,-140,120,1,0,0,0,0,0,0,0
70,18,180,-200,20,180,1,0,0,0,0,0,0,0
70,19,200,-120,360,200,1,0,0,0,0,0,0,0
70,20,180,-100,200,-100,0,0,0,0,0,0,0,1
70,21,100,-120,80,-120,0,0,0,0,1,0,0,0
70,22,200,-160,-240,-160,0,0,0,0,1,0,0,0
70,23,200,-220,-320,200,0,0,0,1,0,0,0,0
70,24,160,-100,200,-100,0,0,0,0,0,0,0,1
70,25,200,-180,60,-180,0,0,0,0,1,0,0,0
70,26,200,-100,20,200,1,0,0,0,0,0,0,0
70,27,140,-100,400,140,1,0,0,0,0,0,0,0
70,28,200,-140,40,200,1,0,0,0,0,0,0,0
70,29,80,-100,60,-100,0,0,0,0,1,0,0,0
70,30,100,-100,-200,-100,0,0,0,0,1,0,0,0
70,31,200,-100,0,-100,0,0,0,0,1,0,0,0
70,32,200,-200,100,200,1,0,0,0,0,0,0,0
70,33,160,-140,200,-140,0,0,0,0,0,0,1,0
71,1,180,-200,20,180,0,0,0,1,0,0,0,0
71,2,200,-120,360,200,1,0,0,0,0,0,0,0
71,3,180,-100,200,-100,0,0,0,0,1,0,0,0
71,4,100,-120,-100,-120,0,0,0,0,1,0,0,0
71,5,200,-160,-240,-160,0,0,0,0,0,1,0,0
71,6,200,-220,-320,200,1,0,0,0,0,0,0,0
71,7,160,-100,200,-100,0,0,0,0,0,0,0,1
71,8,200,-180,-100,-180,0,0,0,0,0,0,1,0
71,9,200,-100,20,200,1,0,0,0,0,0,0,0
71,10,140,-100,200,140,0,0,0,1,0,0,0,0
71,11,200,-140,140,200,1,0,0,0,0,0,0,0
71,12,80,-100,200,-100,0,0,0,0,1,0,0,0
71,13,100,-100,-100,-100,0,0,0,0,1,0,0,0
71,14,200,-200,-100,200,1,0,0,0,0,0,0,0
71,15,160,-140,200,-140,0,0,0,0,0,1,0,0
71,16,120,-100,20,120,0,0,1,0,0,0,0,0
71,17,180,-200,20,180,0,0,0,1,0,0,0,0
71,18,200,-120,360,200,1,0,0,0,0,0,0,0
71,19,180,-100,80,-100,0,0,0,0,0,0,1,0
71,20,100,-120,-100,-120,0,0,0,0,0,0,0,1
71,21,200,-160,-240,-160,0,0,0,0,1,0,0,0
71,22,200,-220,-320,200,0,0,0,1,0,0,0,0
71,23,160,-100,200,-100,0,0,0,0,1,0,0,0
71,24,200,-180,-100,-180,0,0,0,0,0,0,0,1
71,25,200,-100,20,200,1,0,0,0,0,0,0,0
71,26,140,-100,400,140,1,0,0,0,0,0,0,0
71,27,200,-140,40,200,1,0,0,0,0,0,0,0
71,28,80,-100,60,-100,0,0,0,0,0,0,1,0
71,29,100,-100,-200,-100,0,0,0,0,1,0,0,0
71,30,200,-100,0,-100,0,0,0,0,0,0,0,1
71,31,200,-200,100,200,0,1,0,0,0,0,0,0
71,32,160,-140,400,-140,0,0,0,0,1,0,0,0
71,33,120,-100,-140,120,0,0,0,1,0,0,0,0
72,1,200,-120,180,200,1,0,0,0,0,0,0,0
72,2,180,-100,80,-100,0,0,0,0,0,0,1,0
72,3,100,-120,80,-120,0,0,0,0,0,0,1,0
72,4,200,-160,-240,-160,0,0,0,0,0,0,0,1
72,5,200,-220,-160,200,0,0,0,1,0,0,0,0
72,6,160,-100,400,-100,0,0,0,0,1,0,0,0
72,7,200,-180,-100,-180,0,0,0,0,0,1,0,0
72,8,200,-100,-180,200,1,0,0,0,0,0,0,0
72,9,140,-100,400,140,0,0,0,1,0,0,0,0
72,10,200,-140,140,200,0,0,0,1,0,0,0,0
72,11,80,-100,60,-100,0,0,0,0,0,0,0,1
72,12,100,-100,-200,-100,0,0,0,0,0,0,0,1
72,13,200,-200,-200,200,1,0,0,0,0,0,0,0
72,14,160,-140,400,-140,0,0,0,0,0,0,0,1
72,15,120,-100,20,120,0,1,0,0,0,0,0,0
72,16,180,-200,120,180,0,0,0,1,0,0,0,0
72,17,200,-120,180,200,1,0,0,0,0,0,0,0
72,18,180,-100,80,-100,0,0,0,0,1,0,0,0
72,19,100,-120,-100,-120,0,0,0,0,1,0,0,0
72,20,200,-160,-120,-160,0,0,0,0,0,0,0,1
72,21,200,-220,-320,200,1,0,0,0,0,0,0,0
72,22,160,-100,200,-100,0,0,0,0,1,0,0,0
72,23,200,-180,60,-180,0,0,0,0,0,0,1,0
72,24,200,-100,-180,200,1,0,0,0,0,0,0,0
72,25,140,-100,400,140,0,0,0,1,0,0,0,0
72,26,200,-140,40,200,0,0,0,1,0,0,0,0
72,27,80,-100,60,-100,0,0,0,0,0,0,1,0
72,28,100,-100,-100,-100,0,0,0,0,1,0,0,0
72,29,200,-100,0,-100,0,0,0,0,0,0,1,0
72,30,200,-200,-100,200,1,0,0,0,0,0,0,0
72,31,160,-140,400,-140,0,0,0,0,0,0,0,1
72,32,120,-100,20,120,1,0,0,0,0,0,0,0
72,33,180,-200,120,180,1,0,0,0,0,0,0,0
73,1,180,-100,80,-100,0,0,0,0,1,0,0,0
73,2,100,-120,-100,-120,0,0,0,0,0,0,1,0
73,3,200,-160,-240,-160,0,0,0,0,1,0,0,0
73,4,200,-220,-160,200,0,1,0,0,0,0,0,0
73,5,160,-100,200,-100,0,0,0,0,1,0,0,0
73,6,200,-180,60,-180,0,0,0,0,1,0,0,0
73,7,200,-100,-180,200,0,0,0,1,0,0,0,0
73,8,140,-100,400,140,0,0,0,1,0,0,0,0
73,9,200,-140,140,200,0,0,0,1,0,0,0,0
73,10,80,-100,200,-100,0,0,0,0,0,0,1,0
73,11,100,-100,-100,-100,0,0,0,0,0,0,0,1
73,12,200,-200,-100,200,0,0,0,1,0,0,0,0
73,13,160,-140,400,-140,0,0,0,0,0,0,1,0
73,14,120,-100,-140,120,1,0,0,0,0,0,0,0
73,15,180,-200,20,180,0,0,0,1,0,0,0,0
73,16,200,-120,180,200,1,0,0,0,0,0,0,0
73,17,180,-100,80,-100,0,0,0,0,1,0,0,0
73,18,100,-120,80,-120,0,0,0,0,0,0,1,0
73,19,200,-160,-240,-160,0,0,0,0,1,0,0,0
73,20,200,-220,-160,200,0,0,0,1,0,0,0,0
73,21,160,-100,400,-100,0,0,0,0,1,0,0,0
73,22,200,-180,60,-180,0,0,0,0,1,0,0,0
73,23,200,-100,-180,200,1,0,0,0,0,0,0,0
73,24,140,-100,400,140,1,0,0,0,0,0,0,0
73,25,200,-140,140,200,0,0,0,1,0,0,0,0
73,26,80,-100,200,-100,0,0,0,0,0,0,0,1
73,27,100,-100,-200,-100,0,0,0,0,0,1,0,0
73,28,200,-100,0,-100,0,0,0,0,0,0,0,1
73,29,200,-200,100,200,0,0,0,1,0,0,0,0
73,30,160,-140,400,-140,0,0,0,0,0,0,0,1
73,31,120,-100,-140,120,1,0,0,0,0,0,0,0
73,32,180,-200,20,180,1,0,0,0,0,0,0,0
73,33,200,-120,360,200,0,0,0,1,0,0,0,0
74,1,100,-120,80,-120,0,0,0,0,1,0,0,0
74,2,200,-160,-120,-160,0,0,0,0,0,0,0,1
74,3,200,-220,-320,200,0,0,0,1,0,0,0,0
74,4,160,-100,200,-100,0,0,0,0,0,0,1,0
74,5,200,-180,60,-180,0,0,0,0,1,0,0,0
74,6,200,-100,20,200,1,0,0,0,0,0,0,0
74,7,140,-100,200,140,1,0,0,0,0,0,0,0
74,8,200,-140,140,200,0,0,0,1,0,0,0,0
74,9,80,-100,200,-100,0,0,0,0,0,0,0,1
74,10,100,-100,-100,-100,0,0,0,0,0,0,1,0
74,11,200,-200,-100,200,0,0,0,1,0,0,0,0
74,12,160,-140,200,-140,0,0,0,0,1,0,0,0
74,13,120,-100,-140,120,1,0,0,0,0,0,0,0
74,14,180,-200,20,180,1,0,0,0,0,0,0,0
74,15,200,-120,180,200,0,0,1,0,0,0,0,0
74,16,180,-100,80,-100,0,0,0,0,1,0,0,0
74,17,100,-120,80,-120,0,0,0,0,0,0,0,1
74,18,200,-160,-120,-160,0,0,0,0,1,0,0,0
74,19,200,-220,-320,200,0,0,0,1,0,0,0,0
74,20,160,-100,200,-100,0,0,0,0,0,0,0,1
74,21,200,-180,60,-180,0,0,0,0,1,0,0,0
74,22,200,-100,20,200,0,0,0,1,0,0,0,0
74,23,140,-100,400,140,0,0,1,0,0,0,0,0
74,24,200,-140,40,200,1,0,0,0,0,0,0,0
74,25,80,-100,200,-100,0,0,0,0,0,0,0,1
74,26,100,-100,-100,-100,0,0,0,0,1,0,0,0
74,27,200,-100,0,-100,0,0,0,0,1,0,0,0
74,28,200,-200,-100,200,1,0,0,0,0,0,0,0
74,29,160,-140,200,-140,0,0,0,0,0,0,1,0
74,30,120,-100,-140,120,0,0,0,1,0,0,0,0
74,31,180,-200,20,180,0,0,0,1,0,0,0,0
74,32,200,-120,360,200,1,0,0,0,0,0,0,0
74,33,180,-100,200,-100,0,0,0,0,0,0,0,1
75,1,200,-160,-240,-160,0,0,0,0,1,0,0,0
75,2,200,-220,-160,200,1,0,0,0,0,0,0,0
75,3,160,-100,200,-100,0,0,0,0,1,0,0,0
75,4,200,-180,-100,-180,0,0,0,0,0,0,0,1
75,5,200,-100,20,200,0,0,0,1,0,0,0,0
75,6,140,-100,400,140,1,0,0,0,0,0,0,0
75,7,200,-140,40,200,1,0,0,0,0,0,0,0
75,8,80,-100,200,-100,0,0,0,0,0,0,0,1
75,9,100,-100,-100,-100,0,0,0,0,1,0,0,0
75,10,200,-200,-200,200,0,0,0,1,0,0,0,0
75,11,160,-140,200,-140,0,0,0,0,0,0,0,1
75,12,120,-100,20,120,0,0,0,1,0,0,0,0
75,13,180,-200,20,180,1,0,0,0,0,0,0,0
75,14,200,-120,360,200,1,0,0,0,0,0,0,0
75,15,180,-100,200,-100,0,0,0,0,0,0,0,1
75,16,100,-120,80,-120,0,0,0,0,0,0,1,0
75,17,200,-160,-120,-160,0,0,0,0,0,0,0,1
75,18,200,-220,-320,200,1,0,0,0,0,0,0,0
75,19,160,-100,200,-100,0,0,0,0,0,0,1,0
75,20,200,-180,-100,-180,0,0,0,0,0,0,0,1
75,21,200,-100,20,200,1,0,0,0,0,0,0,0
75,22,140,-100,200,140,0,0,0,1,0,0,0,0
75,23,200,-140,40,200,1,0,0,0,0,0,0,0
75,24,80,-100,60,-100,0,0,0,0,0,1,0,0
75,25,100,-100,-100,-100,0,0,0,0,0,0,0,1
75,26,200,-100,0,-100,0,0,0,0,1,0,0,0
75,27,200,-200,100,200,0,0,0,1,0,0,0,0
75,28,160,-140,400,-140,0,0,0,0,1,0,0,0
75,29,120,-100,-140,120,0,1,0,0,0,0,0,0
75,30,180,-200,120,180,0,0,0,1,0,0,0,0
75,31,200,-120,180,200,1,0,0,0,0,0,0,0
75,32,180,-100,80,-100,0,0,0,0,1,0,0,0
75,33,100,-120,-100,-120,0,0,0,0,0,0,1,0
76,1,200,-220,-320,200,0,0,0,1,0,0,0,0
76,2,160,-100,400,-100,0,0,0,0,0,0,0,1
76,3,200,-180,60,-180,0,0,0,0,1,0,0,0
76,4,200,-100,-180,200,1,0,0,0,0,0,0,0
76,5,140,-100,200,140,0,0,0,1,0,0,0,0
76,6,200,-140,40,200,1,0,0,0,0,0,0,0
76,7,80,-100,60,-100,0,0,0,0,0,0,0,1
76,8,100,-100,-100,-100,0,0,0,0,1,0,0,0
76,9,200,-200,-200,200,0,0,0,1,0,0,0,0
76,10,160,-140,200,-140,0,0,0,0,0,0,0,1
76,11,120,-100,-140,120,0,0,0,1,0,0,0,0
76,12,180,-200,120,180,0,0,0,1,0,0,0,0
76,13,200,-120,360,200,1,0,0,0,0,0,0,0
76,14,180,-100,80,-100,0,0,0,0,0,0,0,1
76,15,100,-120,-100,-120,0,0,0,0,1,0,0,0
76,16,200,-160,-120,-160,0,0,0,0,1,0,0,0
76,17,200,-220,-160,200,0,0,0,1,0,0,0,0
76,18,160,-100,400,-100,0,0,0,0,1,0,0,0
76,19,200,-180,60,-180,0,0,0,0,1,0,0,0
76,20,200,-100,-180,200,0,0,1,0,0,0,0,0
76,21,140,-100,400,140,1,0,0,0,0,0,0,0
76,22,200,-140,140,200,0,0,0,1,0,0,0,0
76,23,80,-100,60,-100,0,0,0,0,1,0,0,0
76,24,100,-100,-100,-100,0,0,0,0,0,0,0,1
76,25,200,-100,0,-100,0,0,0,0,0,0,0,1
76,26,200,-200,100,200,0,0,1,0,0,0,0,0
76,27,160,-140,200,-140,0,0,0,0,1,0,0,0
76,28,120,-100,20,120,1,0,0,0,0,0,0,0
76,29,180,-200,120,180,0,1,0,0,0,0,0,0
76,30,200,-120,180,200,1,0,0,0,0,0,0,0
76,31,180,-100,80,-100,0,0,0,0,1,0,0,0
76,32,100,-120,80,-120,0,0,0,0,1,0,0,0
76,33,200,-160,-240,-160,0,0,0,0,0,0,1,0
77,1,160,-100,200,-100,0,0,0,0,1,0,0,0
77,2,200,-180,-100,-180,0,0,0,0,0,0,0,1
77,3,200,-100,20,200,0,0,0,1,0,0,0,0
77,4,140,-100,400,140,1,0,0,0,0,0,0,0
77,5,200,-140,140,200,0,0,0,1,0,0,0,0
77,6,80,-100,60,-100,0,0,0,0,1,0,0,0
77,7,100,-100,-100,-100,0,0,0,0,1,0,0,0
77,8,200,-200,-200,200,0,0,1,0,0,0,0,0
77,9,160,-140,200,-140,0,0,0,0,1,0,0,0
77,10,120,-100,-140,120,0,0,1,0,0,0,0,0
77,11,180,-200,120,180,0,0,0,1,0,0,0,0
77,12,200,-120,180,200,1,0,0,0,0,0,0,0
77,13,180,-100,80,-100,0,0,0,0,0,0,1,0
77,14,100,-120,-100,-120,0,0,0,0,0,0,0,1
77,15,200,-160,-240,-160,0,0,0,0,0,0,0,1
77,16,200,-220,-320,200,0,0,0,1,0,0,0,0
77,17,160,-100,200,-100,0,0,0,0,1,0,0,0
77,18,200,-180,60,-180,0,0,0,0,1,0,0,0
77,19,200,-100,20,200,1,0,0,0,0,0,0,0
77,20,140,-100,200,140,1,0,0,0,0,0,0,0
77,21,200,-140,40,200,1,0,0,0,0,0,0,0
77,22,80,-100,200,-100,0,0,0,0,0,0,0,1
77,23,100,-100,-200,-100,0,0,0,0,0,0,0,1
77,24,200,-100,0,-100,0,0,0,0,1,0,0,0
77,25,200,-200,-100,200,0,0,0,1,0,0,0,0
77,26,160,-140,200,-140,0,0,0,0,1,0,0,0
77,27,120,-100,20,120,1,0,0,0,0,0,0,0
77,28,180,-200,20,180,1,0,0,0,0,0,0,0
77,29,200,-120,360,200,0,1,0,0,0,0,0,0
77,30,180,-100,80,-100,0,0,0,0,1,0,0,0
77,31,100,-120,80,-120,0,0,0,0,0,0,0,1
77,32,200,-160,-240,-160,0,0,0,0,1,0,0,0
77,33,200,-220,-160,200,0,0,0,1,0,0,0,0
78,1,200,-180,60,-180,0,0,0,0,1,0,0,0
78,2,200,-100,-180,200,1,0,0,0,0,0,0,0
78,3,140,-100,200,140,0,0,0,1,0,0,0,0
78,4,200,-140,40,200,1,0,0,0,0,0,0,0
78,5,80,-100,200,-100,0,0,0,0,0,1,0,0
78,6,100,-100,-200,-100,0,0,0,0,1,0,0,0
78,7,200,-200,-200,200,1,0,0,0,0,0,0,0
78,8,160,-140,400,-140,0,0,0,0,0,0,0,1
78,9,120,-100,20,120,1,0,0,0,0,0,0,0
78,10,180,-200,120,180,0,0,0,1,0,0,0,0
78,11,200,-120,180,200,1,0,0,0,0,0,0,0
78,12,180,-100,80,-100,0,0,0,0,1,0,0,0
78,13,100,-120,-100,-120,0,0,0,0,1,0,0,0
78,14,200,-160,-120,-160,0,0,0,0,0,0,0,1
78,15,200,-220,-160,200,0,1,0,0,0,0,0,0
78,16,160,-100,200,-100,0,0,0,0,1,0,0,0
78,17,200,-180,60,-180,0,0,0,0,0,0,0,1
78,18,200,-100,20,200,0,1,0,0,0,0,0,0
78,19,140,-100,400,140,0,1,0,0,0,0,0,0
78,20,200,-140,40,200,0,0,1,0,0,0,0,0
78,21,80,-100,60,-100,0,0,0,0,0,0,1,0
78,22,100,-100,-100,-100,0,0,0,0,1,0,0,0
78,23,200,-100,0,-100,0,0,0,0,1,0,0,0
78,24,200,-200,100,200,1,0,0,0,0,0,0,0
78,25,160,-140,200,-140,0,0,0,0,0,0,0,1
78,26,120,-100,20,120,1,0,0,0,0,0,0,0
78,27,180,-200,20,180,0,0,0,1,0,0,0,0
78,28,200,-120,360,200,1,0,0,0,0,0,0,0
78,29,180,-100,80,-100,0,0,0,0,0,0,1,0
78,30,100,-120,80,-120,0,0,0,0,0,0,0,1
78,31,200,-160,-120,-160,0,0,0,0,1,0,0,0
78,32,200,-220,-320,200,0,1,0,0,0,0,0,0
78,33,160,-100,200,-100,0,0,0,0,0,0,1,0
79,1,200,-100,20,200,1,0,0,0,0,0,0,0
79,2,140,-100,400,140,1,0,0,0,0,0,0,0
79,3,200,-140,140,200,0,0,0,1,0,0,0,0
79,4,80,-100,60,-100,0,0,0,0,0,0,0,1
79,5,100,-100,-100,-100,0,0,0,0,0,1,0,0
79,6,200,-200,-200,200,1,0,0,0,0,0,0,0
79,7,160,-140,400,-140,0,0,0,0,1,0,0,0
79,8,120,-100,-140,120,0,0,0,1,0,0,0,0
79,9,180,-200,20,180,0,0,0,1,0,0,0,0
79,10,200,-120,180,200,0,0,0,1,0,0,0,0
79,11,180,-100,80,-100,0,0,0,0,0,0,0,1
79,12,100,-120,80,-120,0,0,0,0,0,0,0,1
79,13,200,-160,-240,-160,0,0,0,0,1,0,0,0
79,14,200,-220,-160,200,1,0,0,0,0,0,0,0
79,15,160,-100,200,-100,0,0,0,0,0,0,1,0
79,16,200,-180,60,-180,0,0,0,0,1,0,0,0
79,17,200,-100,-180,200,1,0,0,0,0,0,0,0
79,18,140,-100,400,140,1,0,0,0,0,0,0,0
79,19,200,-140,40,200,0,0,0,1,0,0,0,0
79,20,80,-100,200,-100,0,0,0,0,1,0,0,0
79,21,100,-100,-100,-100,0,0,0,0,1,0,0,0
79,22,200,-100,0,-100,0,0,0,0,1,0,0,0
79,23,200,-200,100,200,1,0,0,0,0,0,0,0
79,24,160,-140,400,-140,0,0,0,0,1,0,0,0
79,25,120,-100,-140,120,1,0,0,0,0,0,0,0
79,26,180,-200,20,180,0,0,0,1,0,0,0,0
79,27,200,-120,180,200,0,0,0,1,0,0,0,0
79,28,180,-100,80,-100,0,0,0,0,0,0,0,1
79,29,100,-120,80,-120,0,0,0,0,0,0,1,0
79,30,200,-160,-120,-160,0,0,0,0,0,0,1,0
79,31,200,-220,-320,200,0,0,0,1,0,0,0,0
79,32,160,-100,400,-100,0,0,0,0,1,0,0,0
79,33,200,-180,-100,-180,0,0,0,0,0,0,0,1
80,1,140,-100,400,140,0,0,0,1,0,0,0,0
80,2,200,-140,40,200,0,1,0,0,0,0,0,0
80,3,80,-100,200,-100,0,0,0,0,1,0,0,0
80,4,100,-100,-100,-100,0,0,0,0,0,0,0,1
80,5,200,-200,-200,200,0,0,0,1,0,0,0,0
80,6,160,-140,400,-140,0,0,0,0,1,0,0,0
80,7,120,-100,20,120,1,0,0,0,0,0,0,0
80,8,180,-200,120,180,0,0,0,1,0,0,0,0
80,9,200,-120,180,200,1,0,0,0,0,0,0,0
80,10,180,-100,200,-100,0,0,0,0,0,0,0,1
80,11,100,-120,-100,-120,0,0,0,0,0,0,0,1
80,12,200,-160,-120,-160,0,0,0,0,0,0,0,1
80,13,200,-220,-320,200,1,0,0,0,0,0,0,0
80,14,160,-100,400,-100,0,0,0,0,0,0,0,1
80,15,200,-180,-100,-180,0,0,0,0,0,0,1,0
80,16,200,-100,20,200,1,0,0,0,0,0,0,0
80,17,140,-100,400,140,0,0,1,0,0,0,0,0
80,18,200,-140,40,200,1,0,0,0,0,0,0,0
80,19,80,-100,200,-100,0,0,0,0,0,0,1,0
80,20,100,-100,-200,-100,0,0,0,0,0,0,0,1
80,21,200,-100,0,-100,0,0,0,0,1,0,0,0
80,22,200,-200,100,200,0,0,0,1,0,0,0,0
80,23,160,-140,400,-140,0,0,0,0,1,0,0,0
80,24,120,-100,20,120,0,0,0,1,0,0,0,0
80,25,180,-200,20,180,0,0,0,1,0,0,0,0
80,26,200,-120,180,200,1,0,0,0,0,0,0,0
80,27,180,-100,200,-100,0,0,0,0,1,0,0,0
80,28,100,-120,-100,-120,0,0,0,0,0,0,0,1
80,29,200,-160,-120,-160,0,0,0,0,0,0,1,0
80,30,200,-220,-160,200,1,0,0,0,0,0,0,0
80,31,160,-100,200,-100,0,0,0,0,1,0,0,0
80,32,200,-180,60,-180,0,0,0,0,1,0,0,0
80,33,200,-100,-180,200,0,1,0,0,0,0,0,0
81,1,200,-140,140,200,1,0,0,0,0,0,0,0
81,2,80,-100,200,-100,0,0,0,0,0,0,0,1
81,3,100,-100,-200,-100,0,0,0,0,1,0,0,0
81,4,200,-200,-100,200,0,0,0,1,0,0,0,0
81,5,160,-140,200,-140,0,0,0,0,0,1,0,0
81,6,120,-100,20,120,1,0,0,0,0,0,0,0
81,7,180,-200,20,180,1,0,0,0,0,0,0,0
81,8,200,-120,180,200,0,0,1,0,0,0,0,0
81,9,180,-100,80,-100,0,0,0,0,1,0,0,0
81,10,100,-120,-100,-120,0,0,0,0,1,0,0,0
81,11,200,-160,-120,-160,0,0,0,0,0,0,0,1
81,12,200,-220,-160,200,0,0,0,1,0,0,0,0
81,13,160,-100,400,-100,0,0,0,0,1,0,0,0
81,14,200,-180,-100,-180,0,0,0,0,0,0,0,1
81,15,200,-100,-180,200,0,0,1,0,0,0,0,0
81,16,140,-100,400,140,1,0,0,0,0,0,0,0
81,17,200,-140,140,200,1,0,0,0,0,0,0,0
81,18,80,-100,60,-100,0,0,0,0,0,1,0,0
81,19,100,-100,-100,-100,0,0,0,0,1,0,0,0
81,20,200,-100,0,-100,0,0,0,0,1,0,0,0
81,21,200,-200,100,200,0,1,0,0,0,0,0,0
81,22,160,-140,200,-140,0,0,0,0,1,0,0,0
81,23,120,-100,20,120,1,0,0,0,0,0,0,0
81,24,180,-200,120,180,0,1,0,0,0,0,0,0
81,25,200,-120,180,200,0,1,0,0,0,0,0,0
81,26,180,-100,80,-100,0,0,0,0,1,0,0,0
81,27,100,-120,80,-120,0,0,0,0,1,0,0,0
81,28,200,-160,-120,-160,0,0,0,0,0,0,0,1
81,29,200,-220,-160,200,0,1,0,0,0,0,0,0
81,30,160,-100,400,-100,0,0,0,0,1,0,0,0
81,31,200,-180,60,-180,0,0,0,0,1,0,0,0
81,32,200,-100,20,200,1,0,0,0,0,0,0,0
81,33,140,-100,400,140,0,1,0,0,0,0,0,0
82,1,80,-100,60,-100,0,0,0,0,1,0,0,0
82,2,100,-100,-100,-100,0,0,0,0,0,0,0,1
82,3,200,-200,-200,200,0,0,0,1,0,0,0,0
82,4,160,-140,200,-140,0,0,0,0,0,0,0,1
82,5,120,-100,20,120,0,0,0,1,0,0,0,0
82,6,180,-200,20,180,1,0,0,0,0,0,0,0
82,7,200,-120,360,200,0,1,0,0,0,0,0,0
82,8,180,-100,200,-100,0,0,0,0,1,0,0,0
82,9,100,-120,80,-120,0,0,0,0,0,0,1,0
82,10,200,-160,-240,-160,0,0,0,0,0,0,0,1
82,11,200,-220,-160,200,0,0,0,1,0,0,0,0
82,12,160,-100,200,-100,0,0,0,0,1,0,0,0
82,13,200,-180,60,-180,0,0,0,0,1,0,0,0
82,14,200,-100,-180,200,1,0,0,0,0,0,0,0
82,15,140,-100,200,140,0,0,0,1,0,0,0,0
82,16,200,-140,40,200,0,0,1,0,0,0,0,0
82,17,80,-100,60,-100,0,0,0,0,0,0,0,1
82,18,100,-100,-100,-100,0,0,0,0,1,0,0,0
82,19,200,-100,0,-100,0,0,0,0,1,0,0,0
82,20,200,-200,100,200,1,0,0,0,0,0,0,0
82,21,160,-140,200,-140,0,0,0,0,1,0,0,0
82,22,120,-100,20,120,0,0,1,0,0,0,0,0
82,23,180,-200,20,180,0,1,0,0,0,0,0,0
82,24,200,-120,180,200,1,0,0,0,0,0,0,0
82,25,180,-100,200,-100,0,0,0,0,1,0,0,0
82,26,100,-120,80,-120,0,0,0,0,0,0,0,1
82,27,200,-160,-240,-160,0,0,0,0,1,0,0,0
82,28,200,-220,-160,200,0,0,0,1,0,0,0,0
82,29,160,-100,200,-100,0,0,0,0,0,0,1,0
82,30,200,-180,60,-180,0,0,0,0,1,0,0,0
82,31,200,-100,20,200,1,0,0,0,0,0,0,0
82,32,140,-100,400,140,1,0,0,0,0,0,0,0
82,33,200,-140,140,200,1,0,0,0,0,0,0,0
83,1,100,-100,-200,-100,0,0,0,0,0,0,1,0
83,2,200,-200,-100,200,0,1,0,0,0,0,0,0
83,3,160,-140,200,-140,0,0,0,0,1,0,0,0
83,4,120,-100,-140,120,1,0,0,0,0,0,0,0
83,5,180,-200,120,180,0,0,0,1,0,0,0,0
83,6,200,-120,360,200,1,0,0,0,0,0,0,0
83,7,180,-100,200,-100,0,0,0,0,0,0,1,0
83,8,100,-120,80,-120,0,0,0,0,0,0,0,1
83,9,200,-160,-120,-160,0,0,0,0,1,0,0,0
83,10,200,-220,-160,200,0,0,0,1,0,0,0,0
83,11,160,-100,200,-100,0,0,0,0,0,0,0,1
83,12,200,-180,60,-180,0,0,0,0,0,0,0,1
83,13,200,-100,20,200,1,0,0,0,0,0,0,0
83,14,140,-100,400,140,0,1,0,0,0,0,0,0
83,15,200,-140,140,200,0,0,0,1,0,0,0,0
83,16,80,-100,200,-100,0,0,0,0,0,0,0,1
83,17,100,-100,-100,-100,0,0,0,0,1,0,0,0
83,18,200,-100,0,-100,0,0,0,0,1,0,0,0
83,19,200,-200,100,200,0,0,0,1,0,0,0,0
83,20,160,-140,400,-140,0,0,0,0,1,0,0,0
83,21,120,-100,20,120,1,0,0,0,0,0,0,0
83,22,180,-200,20,180,0,0,0,1,0,0,0,0
83,23,200,-120,360,200,1,0,0,0,0,0,0,0
83,24,180,-100,80,-100,0,0,0,0,1,0,0,0
83,25,100,-120,80,-120,0,0,0,0,1,0,0,0
83,26,200,-160,-120,-160,0,0,0,0,1,0,0,0
83,27,200,-220,-320,200,0,0,0,1,0,0,0,0
83,28,160,-100,200,-100,0,0,0,0,0,0,1,0
83,29,200,-180,-100,-180,0,0,0,0,0,0,1,0
83,30,200,-100,20,200,0,0,0,1,0,0,0,0
83,31,140,-100,400,140,1,0,0,0,0,0,0,0
83,32,200,-140,40,200,1,0,0,0,0,0,0,0
83,33,80,-100,60,-100,0,0,0,0,0,0,0,1
84,1,200,-200,-100,200,0,0,1,0,0,0,0,0
84,2,160,-140,200,-140,0,0,0,0,0,0,0,1
84,3,120,-100,20,120,0,0,0,1,0,0,0,0
84,4,180,-200,20,180,0,0,0,1,0,0,0,0
84,5,200,-120,180,200,0,0,0,1,0,0,0,0
84,6,180,-100,80,-100,0,0,0,0,1,0,0,0
84,7,100,-120,80,-120,0,0,0,0,0,0,0,1
84,8,200,-160,-120,-160,0,0,0,0,0,1,0,0
84,9,200,-220,-320,200,0,0,0,1,0,0,0,0
84,10,160,-100,200,-100,0,0,0,0,0,0,0,1
84,11,200,-180,-100,-180,0,0,0,0,0,0,0,1
84,12,200,-100,-180,200,1,0,0,0,0,0,0,0
84,13,140,-100,400,140,0,0,1,0,0,0,0,0
84,14,200,-140,40,200,0,1,0,0,0,0,0,0
84,15,80,-100,200,-100,0,0,0,0,0,0,0,1
84,16,100,-100,-100,-100,0,0,0,0,1,0,0,0
84,17,200,-100,0,-100,0,0,0,0,0,0,1,0
84,18,200,-200,100,200,1,0,0,0,0,0,0,0
84,19,160,-140,200,-140,0,0,0,0,1,0,0,0
84,20,120,-100,20,120,1,0,0,0,0,0,0,0
84,21,180,-200,20,180,0,0,0,1,0,0,0,0
84,22,200,-120,180,200,1,0,0,0,0,0,0,0
84,23,180,-100,80,-100,0,0,0,0,1,0,0,0
84,24,100,-120,80,-120,0,0,0,0,1,0,0,0
84,25,200,-160,-240,-160,0,0,0,0,1,0,0,0
84,26,200,-220,-320,200,0,0,0,1,0,0,0,0
84,27,160,-100,200,-100,0,0,0,0,0,1,0,0
84,28,200,-180,60,-180,0,0,0,0,0,0,0,1
84,29,200,-100,-180,200,0,1,0,0,0,0,0,0
84,30,140,-100,200,140,0,0,0,1,0,0,0,0
84,31,200,-140,40,200,1,0,0,0,0,0,0,0
84,32,80,-100,60,-100,0,0,0,0,1,0,0,0
84,33,100,-100,-100,-100,0,0,0,0,0,0,0,1
85,1,160,-140,400,-140,0,0,0,0,0,0,0,1
85,2,120,-100,-140,120,0,1,0,0,0,0,0,0
85,3,180,-200,120,180,0,0,0,1,0,0,0,0
85,4,200,-120,180,200,1,0,0,0,0,0,0,0
85,5,180,-100,200,-100,0,0,0,0,1,0,0,0
85,6,100,-120,80,-120,0,0,0,0,1,0,0,0
85,7,200,-160,-120,-160,0,0,0,0,1,0,0,0
85,8,200,-220,-320,200,0,0,0,1,0,0,0,0
85,9,160,-100,200,-100,0,0,0,0,1,0,0,0
85,10,200,-180,-100,-180,0,0,0,0,0,0,0,1
85,11,200,-100,-180,200,1,0,0,0,0,0,0,0
85,12,140,-100,400,140,0,0,0,1,0,0,0,0
85,13,200,-140,40,200,1,0,0,0,0,0,0,0
85,14,80,-100,60,-100,0,0,0,0,0,0,0,1
85,15,100,-100,-100,-100,0,0,0,0,1,0,0,0
85,16,200,-100,0,-100,0,0,0,0,1,0,0,0
85,17,200,-200,100,200,0,1,0,0,0,0,0,0
85,18,160,-140,400,-140,0,0,0,0,1,0,0,0
85,19,120,-100,20,120,0,0,0,1,0,0,0,0
85,20,180,-200,20,180,0,1,0,0,0,0,0,0
85,21,200,-120,180,200,1,0,0,0,0,0,0,0
85,22,180,-100,80,-100,0,0,0,0,0,0,0,1
85,23,100,-120,80,-120,0,0,0,0,1,0,0,0
85,24,200,-160,-240,-160,0,0,0,0,0,0,0,1
85,25,200,-220,-320,200,1,0,0,0,0,0,0,0
85,26,160,-100,200,-100,0,0,0,0,0,0,0,1
85,27,200,-180,60,-180,0,0,0,0,1,0,0,0
85,28,200,-100,-180,200,1,0,0,0,0,0,0,0
85,29,140,-100,400,140,1,0,0,0,0,0,0,0
85,30,200,-140,140,200,0,0,0,1,0,0,0,0
85,31,80,-100,60,-100,0,0,0,0,0,0,0,1
85,32,100,-100,-200,-100,0,0,0,0,1,0,0,0
85,33,200,-200,-100,200,0,0,1,0,0,0,0,0
86,1,120,-100,-140,120,1,0,0,0,0,0,0,0
86,2,180,-200,20,180,0,1,0,0,0,0,0,0
86,3,200,-120,180,200,0,0,0,1,0,0,0,0
86,4,180,-100,80,-100,0,0,0,0,1,0,0,0
86,5,100,-120,80,-120,0,0,0,0,1,0,0,0
86,6,200,-160,-240,-160,0,0,0,0,1,0,0,0
86,7,200,-220,-320,200,1,0,0,0,0,0,0,0
86,8,160,-100,200,-100,0,0,0,0,0,0,1,0
86,9,200,-180,60,-180,0,0,0,0,0,0,1,0
86,10,200,-100,-180,200,0,0,0,1,0,0,0,0
86,11,140,-100,400,140,0,0,0,1,0,0,0,0
86,12,200,-140,140,200,1,0,0,0,0,0,0,0
86,13,80,-100,60,-100,0,0,0,0,1,0,0,0
86,14,100,-100,-100,-100,0,0,0,0,0,0,0,1
86,15,200,-100,0,-100,0,0,0,0,0,0,1,0
86,16,200,-200,100,200,0,0,0,1,0,0,0,0
86,17,160,-140,400,-140,0,0,0,0,1,0,0,0
86,18,120,-100,20,120,0,0,1,0,0,0,0,0
86,19,180,-200,120,180,0,0,0,1,0,0,0,0
86,20,200,-120,360,200,1,0,0,0,0,0,0,0
86,21,180,-100,80,-100,0,0,0,0,1,0,0,0
86,22,100,-120,-100,-120,0,0,0,0,1,0,0,0
86,23,200,-160,-240,-160,0,0,0,0,1,0,0,0
86,24,200,-220,-160,200,0,1,0,0,0,0,0,0
86,25,160,-100,400,-100,0,0,0,0,0,0,1,0
86,26,200,-180,-100,-180,0,0,0,0,0,0,0,1
86,27,200,-100,20,200,0,0,0,1,0,0,0,0
86,28,140,-100,400,140,0,1,0,0,0,0,0,0
86,29,200,-140,40,200,0,1,0,0,0,0,0,0
86,30,80,-100,200,-100,0,0,0,0,1,0,0,0
86,31,100,-100,-100,-100,0,0,0,0,0,0,1,0
86,32,200,-200,-200,200,0,1,0,0,0,0,0,0
86,33,160,-140,400,-140,0,0,0,0,1,0,0,0
87,1,180,-200,20,180,1,0,0,0,0,0,0,0
87,2,200,-120,360,200,0,1,0,0,0,0,0,0
87,3,180,-100,200,-100,0,0,0,0,1,0,0,0
87,4,100,-120,80,-120,0,0,0,0,0,0,0,1
87,5,200,-160,-240,-160,0,0,0,0,1,0,0,0
87,6,200,-220,-320,200,1,0,0,0,0,0,0,0
87,7,160,-100,400,-100,0,0,0,0,1,0,0,0
87,8,200,-180,60,-180,0,0,0,0,1,0,0,0
87,9,200,-100,-180,200,1,0,0,0,0,0,0,0
87,10,140,-100,200,140,0,0,0,1,0,0,0,0
87,11,200,-140,140,200,0,0,1,0,0,0,0,0
87,12,80,-100,60,-100,0,0,0,0,1,0,0,0
87,13,100,-100,-200,-100,0,0,0,0,1,0,0,0
87,14,200,-100,0,-100,0,0,0,0,1,0,0,0
87,15,200,-200,100,200,1,0,0,0,0,0,0,0
87,16,160,-140,200,-140,0,0,0,0,1,0,0,0
87,17,120,-100,20,120,0,0,1,0,0,0,0,0
87,18,180,-200,20,180,0,1,0,0,0,0,0,0
87,19,200,-120,180,200,1,0,0,0,0,0,0,0
87,20,180,-100,80,-100,0,0,0,0,1,0,0,0
87,21,100,-120,80,-120,0,0,0,0,1,0,0,0
87,22,200,-160,-240,-160,0,0,0,0,1,0,0,0
87,23,200,-220,-320,200,0,0,0,1,0,0,0,0
87,24,160,-100,400,-100,0,0,0,0,0,1,0,0
87,25,200,-180,60,-180,0,0,0,0,1,0,0,0
87,26,200,-100,-180,200,0,0,0,1,0,0,0,0
87,27,140,-100,200,140,0,0,0,1,0,0,0,0
87,28,200,-140,40,200,1,0,0,0,0,0,0,0
87,29,80,-100,60,-100,0,0,0,0,0,0,0,1
87,30,100,-100,-200,-100,0,0,0,0,1,0,0,0
87,31,200,-200,-200,200,1,0,0,0,0,0,0,0
87,32,160,-140,400,-140,0,0,0,0,1,0,0,0
87,33,120,-100,20,120,0,0,1,0,0,0,0,0
88,1,200,-120,360,200,1,0,0,0,0,0,0,0
88,2,180,-100,80,-100,0,0,0,0,0,0,0,1
88,3,100,-120,80,-120,0,0,0,0,1,0,0,0
88,4,200,-160,-120,-160,0,0,0,0,1,0,0,0
88,5,200,-220,-320,200,0,0,0,1,0,0,0,0
88,6,160,-100,400,-100,0,0,0,0,1,0,0,0
88,7,200,-180,60,-180,0,0,0,0,1,0,0,0
88,8,200,-100,20,200,0,0,0,1,0,0,0,0
88,9,140,-100,400,140,0,0,0,1,0,0,0,0
88,10,200,-140,140,200,0,0,0,1,0,0,0,0
88,11,80,-100,60,-100,0,0,0,0,0,0,0,1
88,12,100,-100,-200,-100,0,0,0,0,0,0,0,1
88,13,200,-100,0,-100,0,0,0,0,0,0,0,1
88,14,200,-200,100,200,0,0,0,1,0,0,0,0
88,15,160,-140,400,-140,0,0,0,0,0,1,0,0
88,16,120,-100,20,120,0,0,0,1,0,0,0,0
88,17,180,-200,120,180,0,0,0,1,0,0,0,0
88,18,200,-120,360,200,0,0,0,1,0,0,0,0
88,19,180,-100,80,-100,0,0,0,0,1,0,0,0
88,20,100,-120,80,-120,0,0,0,0,1,0,0,0
88,21,200,-160,-240,-160,0,0,0,0,0,1,0,0
88,22,200,-220,-320,200,0,0,0,1,0,0,0,0
88,23,160,-100,200,-100,0,0,0,0,1,0,0,0
88,24,200,-180,60,-180,0,0,0,0,0,0,1,0
88,25,200,-100,20,200,1,0,0,0,0,0,0,0
88,26,140,-100,200,140,0,0,0,1,0,0,0,0
88,27,200,-140,140,200,0,0,0,1,0,0,0,0
88,28,80,-100,60,-100,0,0,0,0,0,0,0,1
88,29,100,-100,-100,-100,0,0,0,0,0,0,0,1
88,30,200,-200,-200,200,1,0,0,0,0,0,0,0
88,31,160,-140,400,-140,0,0,0,0,0,0,1,0
88,32,120,-100,20,120,1,0,0,0,0,0,0,0
88,33,180,-200,120,180,0,0,0,1,0,0,0,0
89,1,180,-100,80,-100,0,0,0,0,1,0,0,0
89,2,100,-120,-100,-120,0,0,0,0,0,0,0,1
89,3,200,-160,-240,-160,0,0,0,0,1,0,0,0
89,4,200,-220,-320,200,0,0,0,1,0,0,0,0
89,5,160,-100,200,-100,0,0,0,0,1,0,0,0
89,6,200,-180,60,-180,0,0,0,0,1,0,0,0
89,7,200,-100,20,200,1,0,0,0,0,0,0,0
89,8,140,-100,200,140,0,0,0,1,0,0,0,0
89,9,200,-140,140,200,0,0,0,1,0,0,0,0
89,10,80,-100,200,-100,0,0,0,0,0,0,0,1
89,11,100,-100,-100,-100,0,0,0,0,0,0,0,1
89,12,200,-100,0,-100,0,0,0,0,1,0,0,0
89,13,200,-200,-100,200,0,0,0,1,0,0,0,0
89,14,160,-140,200,-140,0,0,0,0,1,0,0,0
89,15,120,-100,20,120,1,0,0,0,0,0,0,0
89,16,180,-200,120,180,0,0,0,1,0,0,0,0
89,17,200,-120,180,200,0,1,0,0,0,0,0,0
89,18,180,-100,200,-100,0,0,0,0,1,0,0,0
89,19,100,-120,80,-120,0,0,0,0,1,0,0,0
89,20,200,-160,-240,-160,0,0,0,0,0,0,0,1
89,21,200,-220,-160,200,0,1,0,0,0,0,0,0
89,22,160,-100,200,-100,0,0,0,0,1,0,0,0
89,23,200,-180,60,-180,0,0,0,0,0,0,0,1
89,24,200,-100,-180,200,1,0,0,0,0,0,0,0
89,25,140,-100,400,140,0,0,0,1,0,0,0,0
89,26,200,-140,140,200,0,0,0,1,0,0,0,0
89,27,80,-100,200,-100,0,0,0,0,0,0,0,1
89,28,100,-100,-100,-100,0,0,0,0,0,1,0,0
89,29,200,-200,-100,200,1,0,0,0,0,0,0,0
89,30,160,-140,400,-140,0,0,0,0,0,0,0,1
89,31,120,-100,20,120,1,0,0,0,0,0,0,0
89,32,180,-200,20,180,0,1,0,0,0,0,0,0
89,33,200,-120,180,200,1,0,0,0,0,0,0,0
90,1,100,-120,80,-120,0,0,0,0,1,0,0,0
90,2,200,-160,-120,-160,0,0,0,0,1,0,0,0
90,3,200,-220,-320,200,0,0,1,0,0,0,0,0
90,4,160,-100,200,-100,0,0,0,0,0,0,0,1
90,5,200,-180,60,-180,0,0,0,0,1,0,0,0
90,6,200,-100,20,200,1,0,0,0,0,0,0,0
90,7,140,-100,400,140,1,0,0,0,0,0,0,0
90,8,200,-140,140,200,0,0,1,0,0,0,0,0
90,9,80,-100,200,-100,0,0,0,0,0,0,0,1
90,10,100,-100,-100,-100,0,0,0,0,0,0,1,0
90,11,200,-100,0,-100,0,0,0,0,0,0,0,1
90,12,200,-200,100,200,0,1,0,0,0,0,0,0
90,13,160,-140,200,-140,0,0,0,0,1,0,0,0
90,14,120,-100,20,120,0,0,0,1,0,0,0,0
90,15,180,-200,20,180,0,1,0,0,0,0,0,0
90,16,200,-120,180,200,0,0,0,1,0,0,0,0
90,17,180,-100,80,-100,0,0,0,0,1,0,0,0
90,18,100,-120,80,-120,0,0,0,0,1,0,0,0
90,19,200,-160,-240,-160,0,0,0,0,1,0,0,0
90,20,200,-220,-160,200,0,1,0,0,0,0,0,0
90,21,160,-100,200,-100,0,0,0,0,1,0,0,0
90,22,200,-180,60,-180,0,0,0,0,1,0,0,0
90,23,200,-100,-180,200,1,0,0,0,0,0,0,0
90,24,140,-100,400,140,0,1,0,0,0,0,0,0
90,25,200,-140,140,200,0,1,0,0,0,0,0,0
90,26,80,-100,200,-100,0,0,0,0,0,0,0,1
90,27,100,-100,-100,-100,0,0,0,0,1,0,0,0
90,28,200,-200,-200,200,0,0,0,1,0,0,0,0
90,29,160,-140,400,-140,0,0,0,0,0,0,1,0
90,30,120,-100,-140,120,1,0,0,0,0,0,0,0
90,31,180,-200,20,180,0,0,0,1,0,0,0,0
90,32,200,-120,180,200,0,1,0,0,0,0,0,0
90,33,180,-100,80,-100,0,0,0,0,0,0,0,1
91,1,200,-160,-240,-160,0,0,0,0,1,0,0,0
91,2,200,-220,-320,200,1,0,0,0,0,0,0,0
91,3,160,-100,400,-100,0,0,0,0,0,1,0,0
91,4,200,-180,-100,-180,0,0,0,0,0,0,0,1
91,5,200,-100,20,200,0,0,0,1,0,0,0,0
91,6,140,-100,400,140,0,0,0,1,0,0,0,0
91,7,200,-140,40,200,1,0,0,0,0,0,0,0
91,8,80,-100,200,-100,0,0,0,0,0,0,0,1
91,9,100,-100,-100,-100,0,0,0,0,0,0,0,1
91,10,200,-100,0,-100,0,0,0,0,0,0,1,0
91,11,200,-200,-100,200,1,0,0,0,0,0,0,0
91,12,160,-140,200,-140,0,0,0,0,1,0,0,0
91,13,120,-100,20,120,0,0,1,0,0,0,0,0
91,14,180,-200,120,180,1,0,0,0,0,0,0,0
91,15,200,-120,360,200,1,0,0,0,0,0,0,0
91,16,180,-100,200,-100,0,0,0,0,0,0,0,1
91,17,100,-120,80,-120,0,0,0,0,1,0,0,0
91,18,200,-160,-240,-160,0,0,0,0,1,0,0,0
91,19,200,-220,-320,200,0,0,0,1,0,0,0,0
91,20,160,-100,200,-100,0,0,0,0,0,0,1,0
91,21,200,-180,60,-180,0,0,0,0,1,0,0,0
91,22,200,-100,20,200,0,0,0,1,0,0,0,0
91,23,140,-100,400,140,1,0,0,0,0,0,0,0
91,24,200,-140,140,200,0,1,0,0,0,0,0,0
91,25,80,-100,60,-100,0,0,0,0,1,0,0,0
91,26,100,-100,-100,-100,0,0,0,0,1,0,0,0
91,27,200,-200,-200,200,0,0,0,1,0,0,0,0
91,28,160,-140,200,-140,0,0,0,0,0,0,0,1
91,29,120,-100,20,120,0,1,0,0,0,0,0,0
91,30,180,-200,20,180,0,0,0,1,0,0,0,0
91,31,200,-120,180,200,1,0,0,0,0,0,0,0
91,32,180,-100,80,-100,0,0,0,0,1,0,0,0
91,33,100,-120,-100,-120,0,0,0,0,0,0,0,1
92,1,200,-220,-320,200,1,0,0,0,0,0,0,0
92,2,160,-100,400,-100,0,0,0,0,1,0,0,0
92,3,200,-180,60,-180,0,0,0,0,1,0,0,0
92,4,200,-100,-180,200,1,0,0,0,0,0,0,0
92,5,140,-100,200,140,0,0,0,1,0,0,0,0
92,6,200,-140,140,200,0,1,0,0,0,0,0,0
92,7,80,-100,60,-100,0,0,0,0,1,0,0,0
92,8,100,-100,-100,-100,0,0,0,0,1,0,0,0
92,9,200,-100,0,-100,0,0,0,0,1,0,0,0
92,10,200,-200,100,200,1,0,0,0,0,0,0,0
92,11,160,-140,400,-140,0,0,0,0,1,0,0,0
92,12,120,-100,20,120,0,0,0,1,0,0,0,0
92,13,180,-200,20,180,0,0,0,1,0,0,0,0
92,14,200,-120,360,200,0,0,0,1,0,0,0,0
92,15,180,-100,80,-100,0,0,0,0,1,0,0,0
92,16,100,-120,-100,-120,0,0,0,0,0,0,0,1
92,17,200,-160,-240,-160,0,0,0,0,1,0,0,0
92,18,200,-220,-320,200,0,1,0,0,0,0,0,0
92,19,160,-100,200,-100,0,0,0,0,1,0,0,0
92,20,200,-180,-100,-180,0,0,0,0,1,0,0,0
92,21,200,-100,20,200,1,0,0,0,0,0,0,0
92,22,140,-100,200,140,0,0,0,1,0,0,0,0
92,23,200,-140,40,200,0,1,0,0,0,0,0,0
92,24,80,-100,200,-100,0,0,0,0,1,0,0,0
92,25,100,-100,-200,-100,0,0,0,0,1,0,0,0
92,26,200,-200,-200,200,0,0,0,1,0,0,0,0
92,27,160,-140,200,-140,0,0,0,0,0,0,1,0
92,28,120,-100,-140,120,1,0,0,0,0,0,0,0
92,29,180,-200,20,180,1,0,0,0,0,0,0,0
92,30,200,-120,180,200,0,1,0,0,0,0,0,0
92,31,180,-100,80,-100,0,0,0,0,1,0,0,0
92,32,100,-120,80,-120,0,0,0,0,1,0,0,0
92,33,200,-160,-120,-160,0,0,0,0,0,0,0,1
93,1,160,-100,400,-100,0,0,0,0,0,0,1,0
93,2,200,-180,60,-180,0,0,0,0,1,0,0,0
93,3,200,-100,20,200,0,0,0,1,0,0,0,0
93,4,140,-100,400,140,0,0,1,0,0,0,0,0
93,5,200,-140,140,200,0,0,0,1,0,0,0,0
93,6,80,-100,60,-100,0,0,0,0,1,0,0,0
93,7,100,-100,-200,-100,0,0,0,0,0,0,0,1
93,8,200,-100,0,-100,0,0,0,0,1,0,0,0
93,9,200,-200,100,200,1,0,0,0,0,0,0,0
93,10,160,-140,400,-140,0,0,0,0,0,0,0,1
93,11,120,-100,20,120,0,1,0,0,0,0,0,0
93,12,180,-200,120,180,0,0,0,1,0,0,0,0
93,13,200,-120,180,200,1,0,0,0,0,0,0,0
93,14,180,-100,200,-100,0,0,0,0,1,0,0,0
93,15,100,-120,80,-120,0,0,0,0,0,0,0,1
93,16,200,-160,-120,-160,0,0,0,0,0,0,0,1
93,17,200,-220,-320,200,0,0,0,1,0,0,0,0
93,18,160,-100,200,-100,0,0,0,0,1,0,0,0
93,19,200,-180,60,-180,0,0,0,0,1,0,0,0
93,20,200,-100,20,200,1,0,0,0,0,0,0,0
93,21,140,-100,400,140,0,0,0,1,0,0,0,0
93,22,200,-140,140,200,0,1,0,0,0,0,0,0
93,23,80,-100,60,-100,0,0,0,0,0,0,0,1
93,24,100,-100,-200,-100,0,0,0,0,0,1,0,0
93,25,200,-200,-200,200,1,0,0,0,0,0,0,0
93,26,160,-140,200,-140,0,0,0,0,0,0,0,1
93,27,120,-100,20,120,0,0,0,1,0,0,0,0
93,28,180,-200,20,180,0,0,0,1,0,0,0,0
93,29,200,-120,360,200,1,0,0,0,0,0,0,0
93,30,180,-100,80,-100,0,0,0,0,1,0,0,0
93,31,100,-120,80,-120,0,0,0,0,0,0,1,0
93,32,200,-160,-240,-160,0,0,0,0,1,0,0,0
93,33,200,-220,-160,200,0,0,1,0,0,0,0,0
94,1,200,-180,-100,-180,0,0,0,0,1,0,0,0
94,2,200,-100,20,200,1,0,0,0,0,0,0,0
94,3,140,-100,200,140,0,0,0,1,0,0,0,0
94,4,200,-140,40,200,0,0,0,1,0,0,0,0
94,5,80,-100,200,-100,0,0,0,0,0,0,0,1
94,6,100,-100,-200,-100,0,0,0,0,1,0,0,0
94,7,200,-100,0,-100,0,0,0,0,1,0,0,0
94,8,200,-200,100,200,1,0,0,0,0,0,0,0
94,9,160,-140,400,-140,0,0,0,0,1,0,0,0
94,10,120,-100,-140,120,1,0,0,0,0,0,0,0
94,11,180,-200,20,180,1,0,0,0,0,0,0,0
94,12,200,-120,180,200,0,0,0,1,0,0,0,0
94,13,180,-100,80,-100,0,0,0,0,1,0,0,0
94,14,100,-120,80,-120,0,0,0,0,1,0,0,0
94,15,200,-160,-120,-160,0,0,0,0,1,0,0,0
94,16,200,-220,-160,200,0,0,0,1,0,0,0,0
94,17,160,-100,200,-100,0,0,0,0,0,0,0,1
94,18,200,-180,60,-180,0,0,0,0,0,0,1,0
94,19,200,-100,20,200,1,0,0,0,0,0,0,0
94,20,140,-100,400,140,1,0,0,0,0,0,0,0
94,21,200,-140,140,200,0,0,0,1,0,0,0,0
94,22,80,-100,60,-100,0,0,0,0,0,0,1,0
94,23,100,-100,-100,-100,0,0,0,0,1,0,0,0
94,24,200,-200,-200,200,0,1,0,0,0,0,0,0
94,25,160,-140,400,-140,0,0,0,0,1,0,0,0
94,26,120,-100,-140,120,0,0,0,1,0,0,0,0
94,27,180,-200,120,180,0,0,0,1,0,0,0,0
94,28,200,-120,180,200,1,0,0,0,0,0,0,0
94,29,180,-100,80,-100,0,0,0,0,0,1,0,0
94,30,100,-120,80,-120,0,0,0,0,0,0,0,1
94,31,200,-160,-240,-160,0,0,0,0,1,0,0,0
94,32,200,-220,-320,200,0,0,0,1,0,0,0,0
94,33,160,-100,200,-100,0,0,0,0,0,0,0,1
95,1,200,-100,20,200,0,0,0,1,0,0,0,0
95,2,140,-100,400,140,1,0,0,0,0,0,0,0
95,3,200,-140,140,200,0,0,0,1,0,0,0,0
95,4,80,-100,200,-100,0,0,0,0,0,0,0,1
95,5,100,-100,-100,-100,0,0,0,0,0,0,0,1
95,6,200,-100,0,-100,0,0,0,0,1,0,0,0
95,7,200,-200,100,200,1,0,0,0,0,0,0,0
95,8,160,-140,400,-140,0,0,0,0,1,0,0,0
95,9,120,-100,20,120,1,0,0,0,0,0,0,0
95,10,180,-200,20,180,1,0,0,0,0,0,0,0
95,11,200,-120,360,200,1,0,0,0,0,0,0,0
95,12,180,-100,200,-100,0,0,0,0,1,0,0,0
95,13,100,-120,80,-120,0,0,0,0,0,0,0,1
95,14,200,-160,-240,-160,0,0,0,0,1,0,0,0
95,15,200,-220,-320,200,1,0,0,0,0,0,0,0
95,16,160,-100,200,-100,0,0,0,0,0,0,0,1
95,17,200,-180,-100,-180,0,0,0,0,0,0,1,0
95,18,200,-100,-180,200,1,0,0,0,0,0,0,0
95,19,140,-100,400,140,1,0,0,0,0,0,0,0
95,20,200,-140,40,200,1,0,0,0,0,0,0,0
95,21,80,-100,200,-100,0,0,0,0,0,0,1,0
95,22,100,-100,-200,-100,0,0,0,0,1,0,0,0
95,23,200,-200,-200,200,0,0,0,1,0,0,0,0
95,24,160,-140,200,-140,0,0,0,0,0,1,0,0
95,25,120,-100,20,120,1,0,0,0,0,0,0,0
95,26,180,-200,120,180,0,0,0,1,0,0,0,0
95,27,200,-120,180,200,1,0,0,0,0,0,0,0
95,28,180,-100,80,-100,0,0,0,0,1,0,0,0
95,29,100,-120,80,-120,0,0,0,0,0,0,0,1
95,30,200,-160,-120,-160,0,0,0,0,1,0,0,0
95,31,200,-220,-320,200,1,0,0,0,0,0,0,0
95,32,160,-100,200,-100,0,0,0,0,1,0,0,0
95,33,200,-180,-100,-180,0,0,0,0,1,0,0,0
96,1,140,-100,200,140,0,0,0,1,0,0,0,0
96,2,200,-140,40,200,0,0,0,1,0,0,0,0
96,3,80,-100,200,-100,0,0,0,0,0,1,0,0
96,4,100,-100,-100,-100,0,0,0,0,0,0,0,1
96,5,200,-100,0,-100,0,0,0,0,1,0,0,0
96,6,200,-200,100,200,1,0,0,0,0,0,0,0
96,7,160,-140,400,-140,0,0,0,0,1,0,0,0
96,8,120,-100,20,120,1,0,0,0,0,0,0,0
96,9,180,-200,20,180,1,0,0,0,0,0,0,0
96,10,200,-120,360,200,1,0,0,0,0,0,0,0
96,11,180,-100,80,-100,0,0,0,0,1,0,0,0
96,12,100,-120,80,-120,0,0,0,0,1,0,0,0
96,13,200,-160,-120,-160,0,0,0,0,0,0,0,1
96,14,200,-220,-320,200,0,0,0,1,0,0,0,0
96,15,160,-100,400,-100,0,0,0,0,1,0,0,0
96,16,200,-180,-100,-180,0,0,0,0,0,0,0,1
96,17,200,-100,-180,200,1,0,0,0,0,0,0,0
96,18,140,-100,400,140,0,0,1,0,0,0,0,0
96,19,200,-140,40,200,1,0,0,0,0,0,0,0
96,20,80,-100,60,-100,0,0,0,0,1,0,0,0
96,21,100,-100,-100,-100,0,0,0,0,1,0,0,0
96,22,200,-200,-200,200,1,0,0,0,0,0,0,0
96,23,160,-140,200,-140,0,0,0,0,0,1,0,0
96,24,120,-100,-140,120,0,0,0,1,0,0,0,0
96,25,180,-200,20,180,1,0,0,0,0,0,0,0
96,26,200,-120,180,200,0,0,0,1,0,0,0,0
96,27,180,-100,80,-100,0,0,0,0,1,0,0,0
96,28,100,-120,80,-120,0,0,0,0,0,0,0,1
96,29,200,-160,-120,-160,0,0,0,0,0,0,0,1
96,30,200,-220,-320,200,1,0,0,0,0,0,0,0
96,31,160,-100,400,-100,0,0,0,0,1,0,0,0
96,32,200,-180,60,-180,0,0,0,0,1,0,0,0
96,33,200,-100,20,200,0,0,0,1,0,0,0,0
97,1,200,-140,140,200,0,0,0,1,0,0,0,0
97,2,80,-100,200,-100,0,0,0,0,1,0,0,0
97,3,100,-100,-200,-100,0,0,0,0,1,0,0,0
97,4,200,-100,0,-100,0,0,0,0,1,0,0,0
97,5,200,-200,100,200,1,0,0,0,0,0,0,0
97,6,160,-140,400,-140,0,0,0,0,0,0,0,1
97,7,120,-100,20,120,0,1,0,0,0,0,0,0
97,8,180,-200,20,180,1,0,0,0,0,0,0,0
97,9,200,-120,360,200,1,0,0,0,0,0,0,0
97,10,180,-100,80,-100,0,0,0,0,1,0,0,0
97,11,100,-120,80,-120,0,0,0,0,0,1,0,0
97,12,200,-160,-240,-160,0,0,0,0,0,1,0,0
97,13,200,-220,-160,200,0,0,0,1,0,0,0,0
97,14,160,-100,200,-100,0,0,0,0,0,0,1,0
97,15,200,-180,60,-180,0,0,0,0,1,0,0,0
97,16,200,-100,-180,200,0,0,0,1,0,0,0,0
97,17,140,-100,400,140,1,0,0,0,0,0,0,0
97,18,200,-140,140,200,1,0,0,0,0,0,0,0
97,19,80,-100,60,-100,0,0,0,0,1,0,0,0
97,20,100,-100,-200,-100,0,0,0,0,1,0,0,0
97,21,200,-200,-200,200,0,0,0,1,0,0,0,0
97,22,160,-140,400,-140,0,0,0,0,1,0,0,0
97,23,120,-100,-140,120,0,0,0,1,0,0,0,0
97,24,180,-200,120,180,0,1,0,0,0,0,0,0
97,25,200,-120,360,200,0,1,0,0,0,0,0,0
97,26,180,-100,200,-100,0,0,0,0,0,0,0,1
97,27,100,-120,80,-120,0,0,0,0,0,0,0,1
97,28,200,-160,-120,-160,0,0,0,0,1,0,0,0
97,29,200,-220,-160,200,0,1,0,0,0,0,0,0
97,30,160,-100,400,-100,0,0,0,0,1,0,0,0
97,31,200,-180,60,-180,0,0,0,0,1,0,0,0
97,32,200,-100,20,200,0,1,0,0,0,0,0,0
97,33,140,-100,200,140,0,0,0,1,0,0,0,0
98,1,80,-100,200,-100,0,0,0,0,0,0,0,1
98,2,100,-100,-200,-100,0,0,0,0,1,0,0,0
98,3,200,-100,0,-100,0,0,0,0,1,0,0,0
98,4,200,-200,100,200,1,0,0,0,0,0,0,0
98,5,160,-140,400,-140,0,0,0,0,0,0,1,0
98,6,120,-100,-140,120,1,0,0,0,0,0,0,0
98,7,180,-200,20,180,0,0,0,1,0,0,0,0
98,8,200,-120,360,200,1,0,0,0,0,0,0,0
98,9,180,-100,80,-100,0,0,0,0,0,0,1,0
98,10,100,-120,80,-120,0,0,0,0,0,0,1,0
98,11,200,-160,-240,-160,0,0,0,0,0,0,1,0
98,12,200,-220,-160,200,0,0,0,1,0,0,0,0
98,13,160,-100,200,-100,0,0,0,0,1,0,0,0
98,14,200,-180,-100,-180,0,0,0,0,1,0,0,0
98,15,200,-100,20,200,1,0,0,0,0,0,0,0
98,16,140,-100,200,140,0,0,0,1,0,0,0,0
98,17,200,-140,40,200,1,0,0,0,0,0,0,0
98,18,80,-100,60,-100,0,0,0,0,1,0,0,0
98,19,100,-100,-200,-100,0,0,0,0,1,0,0,0
98,20,200,-200,-200,200,0,0,0,1,0,0,0,0
98,21,160,-140,200,-140,0,0,0,0,1,0,0,0
98,22,120,-100,20,120,1,0,0,0,0,0,0,0
98,23,180,-200,120,180,0,0,0,1,0,0,0,0
98,24,200,-120,180,200,0,0,0,1,0,0,0,0
98,25,180,-100,200,-100,0,0,0,0,1,0,0,0
98,26,100,-120,-100,-120,0,0,0,0,0,0,0,1
98,27,200,-160,-120,-160,0,0,0,0,1,0,0,0
98,28,200,-220,-320,200,0,0,0,1,0,0,0,0
98,29,160,-100,200,-100,0,0,0,0,0,0,1,0
98,30,200,-180,60,-180,0,0,0,0,1,0,0,0
98,31,200,-100,20,200,1,0,0,0,0,0,0,0
98,32,140,-100,400,140,1,0,0,0,0,0,0,0
98,33,200,-140,140,200,0,0,0,1,0,0,0,0
99,1,100,-100,-100,-100,0,0,0,0,1,0,0,0
99,2,200,-100,0,-100,0,0,0,0,1,0,0,0
99,3,200,-200,100,200,1,0,0,0,0,0,0,0
99,4,160,-140,400,-140,0,0,0,0,1,0,0,0
99,5,120,-100,-140,120,1,0,0,0,0,0,0,0
99,6,180,-200,20,180,1,0,0,0,0,0,0,0
99,7,200,-120,180,200,0,1,0,0,0,0,0,0
99,8,180,-100,80,-100,0,0,0,0,1,0,0,0
99,9,100,-120,-100,-120,0,0,0,0,0,0,1,0
99,10,200,-160,-240,-160,0,0,0,0,1,0,0,0
99,11,200,-220,-320,200,0,1,0,0,0,0,0,0
99,12,160,-100,200,-100,0,0,0,0,1,0,0,0
99,13,200,-180,60,-180,0,0,0,0,0,0,0,1
99,14,200,-100,20,200,0,0,0,1,0,0,0,0
99,15,140,-100,400,140,1,0,0,0,0,0,0,0
99,16,200,-140,140,200,0,0,0,1,0,0,0,0
99,17,80,-100,60,-100,0,0,0,0,0,0,0,1
99,18,100,-100,-200,-100,0,0,0,0,1,0,0,0
99,19,200,-200,-200,200,1,0,0,0,0,0,0,0
99,20,160,-140,200,-140,0,0,0,0,0,1,0,0
99,21,120,-100,20,120,0,1,0,0,0,0,0,0
99,22,180,-200,20,180,1,0,0,0,0,0,0,0
99,23,200,-120,180,200,0,1,0,0,0,0,0,0
99,24,180,-100,200,-100,0,0,0,0,0,0,1,0
99,25,100,-120,80,-120,0,0,0,0,1,0,0,0
99,26,200,-160,-120,-160,0,0,0,0,0,0,0,1
99,27,200,-220,-320,200,0,1,0,0,0,0,0,0
99,28,160,-100,200,-100,0,0,0,0,1,0,0,0
99,29,200,-180,60,-180,0,0,0,0,0,0,1,0
99,30,200,-100,20,200,1,0,0,0,0,0,0,0
99,31,140,-100,400,140,1,0,0,0,0,0,0,0
99,32,200,-140,40,200,0,1,0,0,0,0,0,0
99,33,80,-100,200,-100,0,0,0,0,1,0,0,0
100,1,200,-100,0,-100,0,0,0,0,1,0,0,0
100,2,200,-200,100,200,0,0,0,1,0,0,0,0
100,3,160,-140,400,-140,0,0,0,0,0,0,0,1
100,4,120,-100,20,120,1,0,0,0,0,0,0,0
100,5,180,-200,20,180,0,0,0,1,0,0,0,0
100,6,200,-120,360,200,1,0,0,0,0,0,0,0
100,7,180,-100,200,-100,0,0,0,0,1,0,0,0
100,8,100,-120,80,-120,0,0,0,0,1,0,0,0
100,9,200,-160,-120,-160,0,0,0,0,1,0,0,0
100,10,200,-220,-320,200,1,0,0,0,0,0,0,0
100,11,160,-100,400,-100,0,0,0,0,0,0,1,0
100,12,200,-180,60,-180,0,0,0,0,1,0,0,0
100,13,200,-100,-180,200,1,0,0,0,0,0,0,0
100,14,140,-100,200,140,0,0,0,1,0,0,0,0
100,15,200,-140,40,200,1,0,0,0,0,0,0,0
100,16,80,-100,200,-100,0,0,0,0,0,0,0,1
100,17,100,-100,-100,-100,0,0,0,0,0,0,0,1
100,18,200,-200,-200,200,0,0,1,0,0,0,0,0
100,19,160,-140,400,-140,0,0,0,0,1,0,0,0
100,20,120,-100,20,120,0,0,0,1,0,0,0,0
100,21,180,-200,20,180,0,0,0,1,0,0,0,0
100,22,200,-120,360,200,1,0,0,0,0,0,0,0
100,23,180,-100,80,-100,0,0,0,0,1,0,0,0
100,24,100,-120,-100,-120,0,0,0,0,0,1,0,0
100,25,200,-160,-240,-160,0,0,0,0,1,0,0,0
100,26,200,-220,-160,200,0,0,0,1,0,0,0,0
100,27,160,-100,400,-100,0,0,0,0,1,0,0,0
100,28,200,-180,60,-180,0,0,0,0,0,0,0,1
100,29,200,-100,20,200,1,0,0,0,0,0,0,0
100,30,140,-100,400,140,0,0,0,1,0,0,0,0
100,31,200,-140,40,200,1,0,0,0,0,0,0,0
100,32,80,-100,60,-100,0,0,0,0,1,0,0,0
100,33,100,-100,-200,-100,0,0,0,0,0,0,0,1
